Arm0,Arm1,Arm2,Arm3,Arm4,Arm5,Arm6,Arm7,Arm8,Arm9
8,14,2,13,2,5,2,3,2,3
21,8,10,5,2,3,4,4,1,2
25,8,8,6,1,1,5,5,3,1
9,6,1,2,2,1,1,1,1,2
14,25,3,2,2,2,1,2,1,1
10,5,5,3,3,1,4,1,2,1
12,5,1,4,1,2,1,3,1,3
21,5,8,3,3,12,1,1,3,1
1,6,1,3,7,3,1,6,1,1
2,3,14,4,10,2,1,5,2,1
10,9,1,2,1,4,1,4,1,3
47,10,6,5,2,1,5,7,6,2
18,2,1,2,5,1,2,6,1,2
6,18,31,3,14,5,5,1,1,1
4,10,1,8,1,6,3,2,1,4
17,5,3,9,1,6,5,3,1,1
3,45,10,7,2,2,3,2,7,1
23,2,14,6,13,2,6,2,4,10
51,5,7,4,1,3,4,3,1,1
5,1,4,4,7,2,10,1,1,2
1,4,5,9,14,2,6,4,2,1
30,32,1,1,2,4,1,2,1,3
21,2,6,16,1,5,1,2,8,8
15,2,5,5,8,2,2,5,3,1
35,2,5,2,3,4,2,1,2,1
49,8,24,7,1,4,8,3,1,1
6,7,1,1,5,1,1,4,3,1
10,7,3,20,19,2,3,2,4,2
8,2,1,6,5,6,5,6,1,1
36,13,1,1,2,1,1,1,8,1
17,2,6,2,2,1,4,2,1,1
4,16,5,2,4,1,3,2,1,2
1,1,7,9,2,1,2,1,2,1
15,16,1,1,1,1,8,1,2,1
3,5,5,1,3,5,6,2,2,2
70,1,20,6,7,4,1,1,1,1
39,12,3,9,11,2,1,3,3,1
12,3,8,15,4,3,3,1,4,4
18,41,10,2,15,8,2,1,2,1
5,2,1,7,5,1,2,4,2,3
18,1,10,5,6,2,8,4,4,1
7,3,1,6,6,7,3,1,1,1
8,24,3,1,1,3,1,3,11,1
31,8,13,1,5,7,1,8,5,1
46,11,1,4,2,2,1,2,2,3
11,10,6,1,5,4,1,3,3,1
16,16,2,23,7,6,3,1,1,2
2,3,7,1,4,4,4,3,3,2
2,5,3,4,11,1,2,4,2,2
6,21,26,3,2,1,1,10,3,1
17,27,9,11,6,2,1,4,2,1
39,14,1,1,2,2,4,1,1,4
12,8,7,3,5,2,2,2,1,1
7,1,8,4,2,5,4,2,5,1
24,2,9,1,1,1,2,1,5,1
12,6,11,1,3,2,2,1,4,1
12,1,4,12,3,3,2,1,2,2
34,3,5,5,1,1,1,1,1,2
32,5,15,8,19,2,3,1,3,2
17,3,3,8,5,3,1,1,1,1
18,9,1,3,2,1,2,3,2,4
8,9,6,1,6,1,2,1,1,1
3,12,2,13,1,1,2,1,1,1
22,10,1,1,3,2,5,1,1,1
6,9,29,8,1,2,1,1,7,3
28,2,4,2,8,5,3,3,4,2
7,5,2,5,5,1,2,1,2,1
17,26,5,3,1,1,7,2,1,1
7,18,3,7,5,4,2,4,1,2
22,3,6,7,2,1,4,1,1,1
24,5,11,8,2,1,10,2,3,1
2,11,11,5,1,6,5,3,1,1
58,6,1,6,14,1,2,2,5,1
1,5,1,4,6,2,2,2,2,1
34,6,10,9,6,4,3,1,2,2
9,17,6,5,3,4,4,1,1,1
61,10,7,2,10,2,8,2,3,3
33,12,3,4,1,3,1,2,1,2
58,42,6,12,1,9,5,6,1,1
10,9,4,7,15,3,2,1,3,1
14,9,4,1,1,2,1,1,1,4
2,10,1,3,3,5,1,1,1,1
10,7,17,1,2,7,2,1,3,2
4,7,2,2,1,3,2,1,3,1
7,10,2,3,3,2,5,2,1,1
3,2,21,10,4,2,1,1,1,2
8,29,5,9,1,1,1,1,1,2
25,12,3,1,6,1,4,2,2,1
1,10,2,3,2,1,1,1,4,1
13,1,2,12,7,1,9,5,3,2
6,3,3,1,2,2,1,6,1,1
6,12,10,1,1,1,4,3,3,1
14,1,4,19,12,1,1,1,2,1
2,10,3,1,3,4,4,4,1,3
12,4,8,13,4,7,2,2,1,8
4,1,12,9,10,1,6,2,3,3
5,16,4,7,1,4,1,2,2,1
26,8,7,5,3,1,1,9,2,2
36,8,4,1,5,2,1,6,1,1
8,1,1,1,4,2,3,3,2,1
16,5,25,1,1,14,1,1,5,3
36,2,6,11,9,5,1,1,6,4
21,10,1,3,2,9,1,5,1,3
19,8,4,8,27,4,1,2,1,3
1,10,2,2,1,2,1,3,1,1
1,13,6,2,3,1,2,1,2,1
72,12,4,2,8,6,1,2,1,4
11,6,1,1,2,3,1,4,5,1
29,2,1,1,1,2,4,3,3,1
5,5,8,7,12,1,2,4,2,1
36,3,1,3,4,1,3,6,1,4
2,10,1,1,3,2,1,2,3,1
10,1,8,2,4,4,1,5,2,1
39,17,15,3,2,3,1,1,1,4
1,1,12,9,4,3,1,2,2,2
31,1,12,1,9,2,1,2,3,5
14,2,3,3,2,3,1,2,3,2
11,17,6,8,7,3,3,1,5,2
4,11,2,4,2,2,1,1,3,2
11,5,6,3,3,2,4,3,3,1
23,4,9,8,1,6,11,1,3,1
35,9,8,1,7,4,5,1,2,2
21,3,2,4,2,10,4,1,2,1
33,9,8,11,3,10,1,1,1,3
11,19,1,3,1,1,5,2,4,1
3,3,1,4,4,4,2,2,1,2
30,2,2,3,4,3,1,2,1,2
7,6,8,2,1,2,5,1,7,1
53,20,3,5,29,3,2,1,1,2
9,1,1,10,3,4,4,1,2,1
9,9,6,4,10,4,3,6,2,1
15,3,7,2,4,5,4,1,1,1
27,2,3,3,2,5,6,1,2,1
21,4,2,5,2,2,2,3,11,3
6,10,8,9,2,1,2,3,3,4
4,20,6,7,5,3,3,1,1,1
15,6,18,15,3,7,3,3,1,1
52,12,3,7,9,1,4,3,2,4
4,10,14,3,1,5,6,3,2,2
9,3,11,9,7,2,4,3,2,3
14,13,4,2,2,2,4,6,2,5
5,3,3,4,4,6,2,3,1,4
26,1,8,2,1,6,1,2,1,3
14,21,1,2,1,10,4,1,1,1
47,8,24,6,2,3,2,1,3,1
3,1,6,7,2,1,3,4,1,1
24,5,13,5,6,2,2,1,1,1
57,8,8,30,1,7,4,6,2,1
5,6,3,1,11,3,2,1,1,1
10,6,6,14,2,4,9,1,2,7
4,4,11,2,2,4,4,3,1,1
16,4,7,7,8,1,7,3,5,3
48,7,2,2,2,1,1,2,7,1
12,31,6,13,1,3,1,1,1,3
14,30,4,1,1,2,3,8,1,2
36,1,2,4,3,2,3,2,2,2
82,21,7,6,2,2,2,1,7,3
64,15,6,2,1,6,1,1,2,1
19,7,5,1,1,7,3,2,1,1
20,20,5,6,3,1,1,1,2,1
54,5,4,9,2,2,3,5,3,1
2,2,4,8,2,1,1,1,3,2
9,11,1,1,9,5,2,2,4,5
16,13,4,1,7,6,2,4,2,1
7,8,2,2,1,3,12,1,7,4
18,6,2,2,2,1,4,2,3,2
33,1,6,4,8,3,1,4,1,1
27,2,6,3,1,1,1,1,1,2
17,37,9,1,2,3,2,1,1,1
29,3,1,8,5,1,1,1,1,4
10,11,3,2,3,1,4,3,4,3
4,9,4,5,4,1,3,2,1,3
11,9,8,1,2,1,1,1,4,1
7,13,10,4,3,1,6,2,1,1
5,2,4,6,13,8,1,1,4,1
1,4,9,2,3,3,3,4,1,2
3,7,4,2,7,1,7,2,3,3
27,5,32,3,4,12,1,2,7,1
17,1,2,10,1,4,6,1,1,1
1,16,22,1,1,1,4,3,8,1
24,5,1,1,16,1,1,4,4,1
15,21,3,1,2,1,6,1,2,2
2,2,9,14,3,3,6,1,1,2
13,21,5,3,6,3,2,5,3,2
2,1,11,3,5,1,3,13,2,1
16,1,11,5,1,2,4,3,1,1
4,16,6,12,3,2,1,1,1,2
10,2,1,7,3,1,2,1,12,1
4,1,4,5,6,9,2,1,1,1
26,4,3,2,5,4,2,1,4,1
20,5,3,4,5,5,4,1,1,1
1,5,4,1,1,1,1,1,5,1
26,20,10,1,3,2,2,6,4,2
16,5,3,1,1,6,4,1,5,1
11,15,1,2,4,1,3,2,3,3
15,13,2,2,5,8,1,3,1,4
12,8,4,14,1,2,2,3,1,1
1,41,7,7,4,4,2,1,5,4
23,2,12,9,4,4,4,2,4,1
13,2,11,4,2,1,1,2,2,1
6,16,1,2,1,5,1,1,2,2
25,28,9,3,4,1,1,2,1,1
10,3,7,14,1,6,4,1,2,1
5,2,2,1,2,1,1,1,9,3
1,4,15,2,3,1,1,2,4,1
34,5,7,4,4,4,6,1,2,1
5,11,6,4,1,7,2,4,6,3
64,14,8,26,1,5,5,2,1,3
6,9,14,4,1,2,1,2,1,1
85,12,5,15,18,4,3,1,1,1
9,4,2,7,1,1,1,2,1,1
5,8,5,3,6,3,7,1,6,4
3,12,6,2,3,1,14,1,1,2
25,14,2,1,2,4,4,4,2,2
55,6,6,14,3,2,7,6,1,1
37,3,8,8,8,1,1,3,2,6
4,6,3,1,1,1,5,3,1,2
6,17,9,1,5,13,8,1,5,1
10,11,21,4,2,3,1,2,3,1
47,6,1,2,4,4,4,5,2,1
48,13,1,6,10,8,4,1,4,1
13,9,1,6,2,6,1,3,4,3
17,1,1,5,1,4,3,5,1,1
4,2,8,6,8,3,1,2,3,1
33,6,3,3,13,2,4,1,8,1
34,1,2,1,8,1,1,2,2,2
73,12,19,3,3,4,3,3,2,1
36,11,11,4,9,2,2,1,1,1
23,11,16,5,1,4,1,1,2,1
27,3,14,1,4,5,4,1,1,2
2,15,2,5,2,1,1,1,1,1
18,8,6,2,7,2,5,1,3,1
55,2,6,1,6,4,5,2,1,2
30,11,3,8,8,17,1,3,2,1
33,4,2,2,4,4,6,1,3,2
14,3,2,4,2,2,3,1,1,3
46,23,2,2,5,3,1,8,1,1
31,11,6,7,8,2,5,4,2,1
41,19,11,8,3,1,4,5,3,4
12,16,10,5,3,3,2,4,2,1
2,6,7,5,7,5,10,4,5,1
59,7,10,2,5,7,6,8,1,1
5,9,18,2,7,3,8,3,3,3
17,3,1,17,5,3,1,2,2,1
14,14,3,4,6,3,4,2,1,1
6,7,4,2,1,1,4,5,3,1
62,17,5,5,4,2,4,1,2,5
14,41,8,4,7,3,3,3,2,1
53,18,5,1,1,3,1,9,7,4
1,1,3,4,8,4,1,3,1,1
9,8,4,1,4,1,1,1,2,3
18,15,6,4,3,1,10,3,1,1
1,11,7,4,2,9,1,1,2,3
4,1,2,2,1,3,4,2,3,1
4,10,12,5,1,6,1,4,5,1
1,5,2,2,1,2,2,3,2,5
9,15,1,1,3,4,2,4,1,1
31,2,3,11,3,1,4,2,1,1
15,1,1,7,1,1,2,1,2,7
11,3,1,6,3,6,5,2,1,2
3,24,4,4,2,4,1,2,3,3
38,7,52,13,2,1,1,3,5,7
12,17,7,5,3,3,1,4,2,1
34,3,3,4,3,3,4,3,3,2
33,11,7,5,1,2,14,9,1,1
21,5,3,4,4,11,1,4,1,1
5,15,7,5,2,1,1,6,1,2
17,7,4,25,9,2,2,2,2,2
13,7,6,1,5,5,3,4,1,1
1,13,4,2,3,12,3,2,2,1
1,2,2,2,16,2,2,1,2,5
37,10,4,4,2,4,1,3,3,2
1,1,1,2,5,1,1,2,2,8
8,20,1,5,1,1,3,2,5,2
6,1,6,2,3,3,3,1,2,1
13,13,6,5,3,2,1,1,2,1
24,12,2,2,3,1,2,2,1,1
1,8,16,3,1,2,2,9,2,1
14,9,17,7,5,5,4,1,1,4
22,10,9,1,6,1,4,1,1,4
2,11,6,1,12,1,3,1,3,1
18,5,5,17,10,5,3,6,1,1
27,5,3,2,2,6,4,3,1,3
7,2,4,1,5,2,5,3,1,2
60,3,1,2,2,1,4,6,1,2
3,10,5,7,2,4,3,1,5,3
17,4,10,3,10,10,3,2,1,1
15,1,1,2,1,1,2,2,2,1
1,3,1,6,1,5,5,3,1,2
54,23,6,10,3,2,2,1,1,1
38,8,15,1,1,5,1,1,4,2
9,7,12,6,1,1,3,2,4,1
21,5,10,3,8,6,1,1,2,1
40,21,7,5,8,1,2,2,1,2
14,6,1,2,3,2,1,2,3,1
38,5,2,2,4,2,8,2,2,2
7,3,7,1,2,2,9,2,2,2
5,2,4,1,2,4,10,1,1,1
33,9,2,3,7,1,1,9,1,1
5,3,7,3,3,6,1,3,8,1
92,15,1,3,1,2,1,2,4,4
15,7,20,5,6,5,4,1,1,2
54,4,5,3,7,4,1,1,1,1
32,18,7,14,6,1,10,3,4,2
28,19,6,4,1,2,4,1,1,5
13,3,3,4,3,9,6,1,2,4
38,5,7,1,4,1,1,5,3,4
2,3,4,1,1,1,1,2,1,3
6,3,1,3,3,2,1,3,1,1
28,7,9,3,2,13,2,1,2,7
79,3,10,2,6,13,1,1,4,1
14,2,3,3,1,4,1,2,3,3
31,8,4,1,1,3,1,1,1,2
13,18,13,5,27,6,1,1,2,1
9,8,6,2,2,2,2,1,1,5
7,2,3,2,1,2,1,2,1,2
3,48,12,13,3,3,3,10,1,5
24,2,2,2,4,2,1,2,10,1
4,2,16,1,6,5,1,2,1,12
1,16,12,1,4,5,1,5,4,1
26,10,4,6,5,2,2,6,1,3
20,3,3,3,3,3,1,2,1,2
7,12,1,2,1,2,4,1,4,4
34,3,22,4,1,1,2,4,3,1
17,19,3,9,3,2,2,1,2,3
4,10,3,3,3,1,5,4,1,4
3,3,6,9,1,6,2,1,4,1
33,28,1,3,7,1,3,1,1,1
2,1,3,3,2,3,3,1,1,4
4,5,5,6,7,4,2,3,1,4
13,36,16,1,6,5,7,3,3,5
12,6,3,2,1,2,2,4,1,4
23,9,7,1,4,8,7,1,1,1
3,6,27,1,3,3,2,2,2,1
56,14,8,4,2,2,5,3,1,1
17,12,2,8,4,1,4,1,1,1
11,4,2,7,3,1,4,1,1,3
13,6,5,2,7,8,1,2,3,4
5,1,11,7,2,3,7,8,3,3
7,5,9,6,1,4,6,2,5,3
6,6,14,2,2,3,5,3,2,1
32,12,7,1,1,1,3,3,1,1
3,4,6,1,15,1,1,2,1,1
4,10,4,1,4,3,11,1,1,1
3,2,1,1,2,1,4,2,1,1
16,4,2,2,8,3,1,1,1,1
104,35,1,7,1,2,1,6,1,4
18,14,7,4,7,1,9,2,1,1
2,1,11,6,8,1,10,3,2,3
5,9,6,15,3,2,3,3,1,1
52,16,11,4,2,19,4,1,3,3
49,1,35,4,4,2,1,1,3,3
16,11,6,4,8,1,3,2,4,3
10,4,11,2,3,5,1,4,1,1
31,4,5,7,2,1,2,3,1,1
30,17,8,4,3,3,5,1,1,1
36,8,1,3,2,4,13,3,15,3
12,28,7,6,1,2,11,2,1,1
2,5,3,2,5,5,2,1,1,1
22,37,2,2,7,7,2,4,3,1
35,7,16,8,1,7,1,1,6,2
2,3,17,5,4,3,1,2,1,3
20,8,3,1,3,1,3,4,2,1
13,16,2,3,4,5,1,1,3,1
37,4,1,1,6,1,6,1,1,1
9,7,5,8,4,7,1,4,1,1
20,5,3,5,1,6,8,1,5,1
28,7,9,1,3,1,2,5,2,1
31,6,21,17,3,3,1,1,1,3
7,15,1,3,13,1,2,2,1,5
16,9,17,10,1,7,4,1,4,1
14,6,3,13,2,4,1,1,1,2
2,9,1,7,2,1,5,1,3,1
17,2,5,2,3,7,2,2,1,1
9,10,6,1,3,4,9,2,3,2
7,1,3,4,4,2,1,1,3,1
52,6,8,6,2,2,4,1,2,1
13,5,1,4,4,1,3,2,3,1
14,3,5,3,3,3,1,12,1,1
53,11,4,8,1,2,3,3,1,1
8,3,22,1,2,2,1,1,2,6
86,10,2,9,1,3,6,1,4,1
23,2,2,6,1,1,4,3,1,2
24,6,6,7,7,1,5,1,3,7
7,6,6,18,3,15,1,3,3,1
33,21,8,1,6,1,1,1,5,2
12,1,12,1,3,2,2,3,3,2
22,2,9,1,5,3,1,5,2,1
17,17,11,4,5,1,4,1,6,3
9,40,3,5,5,4,2,1,3,2
21,16,8,9,1,1,1,1,8,2
16,3,4,3,1,6,1,1,1,2
12,2,4,1,1,6,2,2,3,1
22,6,4,2,2,2,1,4,2,1
1,19,2,9,1,4,4,1,2,3
24,1,2,5,1,1,2,4,3,6
10,3,12,8,1,2,3,1,1,1
10,6,6,6,2,1,1,3,1,1
31,7,5,3,2,2,1,1,1,1
34,11,14,15,8,9,4,2,4,1
8,4,2,2,3,4,4,3,1,1
11,2,13,1,4,11,5,3,1,1
6,7,2,2,3,1,2,3,4,1
12,27,2,3,4,5,1,3,1,1
12,26,11,4,5,2,5,3,1,1
11,15,11,3,7,3,1,1,1,1
2,14,1,3,5,1,1,5,3,2
6,20,5,1,2,1,7,5,2,1
10,25,4,9,7,4,1,1,3,3
25,4,17,5,7,1,6,2,4,6
35,20,6,1,1,5,1,3,1,2
20,10,14,10,1,1,3,2,1,3
21,37,2,8,6,3,1,2,1,1
13,3,10,1,2,1,4,1,1,1
32,11,1,1,2,1,5,1,2,1
14,20,17,2,5,1,1,4,2,2
5,9,1,2,5,2,3,4,11,3
2,8,4,1,18,1,1,1,2,4
5,2,20,3,11,11,8,1,1,1
24,1,5,6,1,1,3,1,1,1
9,27,9,11,2,2,2,1,1,5
21,8,5,1,3,2,2,1,1,6
64,13,4,1,5,6,1,1,1,2
29,7,14,1,2,2,4,2,1,2
8,5,6,1,1,2,2,3,2,1
18,3,1,7,2,3,1,1,1,2
25,8,1,6,3,8,1,3,2,2
62,17,1,1,6,2,1,3,2,3
25,5,4,4,4,7,1,1,4,1
36,9,10,4,2,2,6,2,2,5
119,5,3,1,2,1,2,1,2,4
11,15,2,22,10,2,2,2,1,1
9,16,3,13,3,1,1,1,1,2
13,14,2,4,5,1,1,1,4,2
4,8,4,2,1,1,1,1,1,4
18,3,11,2,4,4,7,1,1,5
2,16,11,2,1,10,5,2,1,4
30,2,3,2,1,3,4,7,1,1
10,1,5,4,3,1,1,4,1,1
10,8,6,3,1,2,1,2,1,1
13,36,17,2,8,8,3,1,4,1
41,14,6,6,5,3,1,2,1,2
2,12,7,18,11,2,1,1,9,1
42,6,1,2,4,5,1,5,1,3
59,14,4,2,4,3,1,1,1,1
4,23,1,2,2,6,7,7,1,2
1,11,4,5,3,2,5,1,1,3
6,8,4,10,4,1,1,3,2,2
68,5,6,12,2,6,1,3,1,1
5,5,3,18,4,7,3,2,2,3
49,12,8,11,11,2,1,3,1,2
15,7,1,1,1,6,4,6,1,4
57,15,1,1,1,5,8,3,1,1
7,28,23,1,2,4,3,1,3,3
34,57,6,1,2,3,1,1,3,2
10,6,7,5,2,1,2,2,1,2
27,10,3,2,7,6,2,5,1,1
6,7,1,1,4,5,1,1,1,1
7,8,1,8,1,6,2,8,4,3
22,4,3,3,4,5,3,5,2,1
11,7,3,2,4,4,1,3,1,1
15,12,15,2,1,4,1,6,2,3
4,8,4,2,7,1,5,3,2,5
15,13,19,5,5,1,1,1,4,2
5,2,8,1,12,1,3,1,6,3
89,4,15,1,3,3,2,11,5,1
46,6,2,4,5,6,10,8,1,1
1,22,3,6,3,4,4,1,2,1
32,2,7,1,3,8,4,1,1,2
34,16,2,4,4,2,1,1,3,1
10,31,1,2,1,4,1,2,3,9
28,7,11,14,8,1,4,2,3,3
3,7,1,11,4,1,2,1,1,2
10,9,15,2,1,5,1,1,7,1
28,15,11,10,10,4,1,1,1,2
16,19,4,16,6,1,5,1,1,3
6,4,10,1,2,1,2,1,2,3
29,6,8,4,6,1,2,2,3,1
4,10,21,1,4,1,2,1,1,2
12,2,2,3,2,4,8,2,3,2
30,17,5,1,10,4,2,2,3,1
22,14,3,4,1,1,1,5,2,1
27,1,3,9,8,1,2,5,1,3
87,1,9,4,3,1,3,1,2,1
8,1,1,9,6,5,1,2,5,4
6,3,5,2,10,4,3,1,4,1
36,6,3,1,1,3,1,2,4,1
12,2,1,2,1,1,2,1,1,1
20,5,5,1,5,1,1,3,1,3
5,18,8,1,3,1,2,3,1,1
14,14,10,13,5,1,1,1,2,4
5,6,26,4,1,1,1,1,2,1
13,25,2,8,1,5,1,2,7,1
30,44,7,1,1,1,3,3,5,3
4,27,8,2,9,2,3,1,5,2
4,19,6,7,1,2,1,1,1,7
26,20,25,16,9,8,2,1,9,1
6,8,21,4,7,5,9,1,3,2
19,13,1,16,7,1,1,5,2,1
24,6,13,1,1,3,1,2,2,1
6,8,12,4,2,4,1,2,1,1
19,8,12,4,1,1,1,6,3,1
3,8,21,1,2,1,4,1,3,1
3,2,3,6,2,2,2,1,1,1
87,3,5,2,2,1,3,1,4,1
3,3,3,3,7,1,4,1,1,1
38,1,1,1,2,4,2,1,2,1
27,5,3,2,2,1,1,1,3,3
19,4,4,1,14,11,2,6,1,2
23,16,11,1,2,1,5,5,1,1
4,2,5,8,7,2,1,1,1,4
52,5,4,5,1,1,2,2,1,2
8,11,9,1,7,3,1,2,3,3
2,6,1,6,3,1,3,2,2,1
4,2,1,12,2,3,5,1,1,3
37,12,5,5,6,2,2,4,1,2
21,28,2,8,1,7,6,2,2,5
27,6,12,2,5,2,3,2,3,2
37,34,1,1,2,2,1,1,1,3
37,5,1,2,13,11,4,1,1,3
9,2,1,3,2,6,2,2,4,1
27,1,1,3,4,1,9,1,1,1
24,16,5,9,24,1,2,1,1,2
29,7,8,5,4,1,1,1,1,2
5,1,4,2,4,3,2,1,1,1
4,4,10,5,1,2,1,3,3,1
7,4,10,2,12,4,5,1,4,2
27,18,2,8,10,4,2,4,1,2
57,1,1,11,1,5,1,2,3,1
26,11,15,3,2,1,4,2,2,1
10,10,4,3,2,4,3,3,2,1
9,3,12,19,1,5,2,2,1,4
19,3,6,10,1,1,1,4,2,3
19,2,3,10,2,4,5,1,2,3
45,2,1,5,11,2,1,2,2,1
29,3,1,2,2,2,1,8,1,1
19,6,12,6,1,4,7,3,2,2
6,3,2,1,8,1,1,2,3,1
49,1,23,2,2,3,2,2,1,2
28,4,2,3,3,1,1,10,1,1
40,2,2,4,2,1,5,2,2,1
7,1,1,4,2,1,2,3,1,2
16,12,10,13,6,5,7,4,1,2
16,1,5,1,2,4,1,2,1,3
7,3,1,8,5,12,3,1,2,1
7,42,27,8,2,1,7,2,1,1
36,13,1,1,2,1,6,1,1,5
5,5,2,1,2,7,2,4,3,6
12,13,16,18,9,5,1,1,1,4
13,31,20,3,8,2,1,4,3,2
1,4,7,3,1,1,1,1,4,1
27,14,5,12,3,1,5,2,2,4
21,42,8,2,8,4,3,5,2,1
36,22,1,1,11,1,2,2,1,2
41,3,10,2,3,3,2,1,3,5
9,3,2,7,4,1,1,5,1,1
9,8,14,7,5,3,2,5,7,2
59,11,1,5,2,1,1,3,3,1
26,5,34,22,4,2,2,2,1,2
29,3,1,7,3,4,5,2,1,1
8,3,7,22,6,4,1,2,2,2
63,10,1,2,9,2,4,2,2,1
9,11,3,2,10,5,1,1,1,1
18,7,8,8,3,7,1,1,3,1
33,7,2,7,3,9,2,1,1,1
6,15,4,1,1,5,9,1,2,4
2,3,3,6,1,1,1,1,1,1
15,14,3,3,3,2,1,3,12,1
8,2,14,10,1,14,2,1,2,3
25,9,7,8,2,2,4,3,4,1
21,4,15,1,6,1,1,4,2,1
71,1,3,2,1,3,1,2,1,2
18,12,12,12,2,1,3,2,1,1
6,21,7,3,1,1,5,1,1,3
5,14,1,24,1,1,2,2,1,3
3,18,18,11,1,1,4,1,2,10
36,22,2,2,1,2,6,1,6,3
17,10,5,2,3,2,9,6,1,1
26,13,3,2,8,9,5,3,1,1
11,5,6,5,2,13,3,2,1,5
8,1,9,8,2,5,3,9,1,8
64,14,5,1,5,3,4,2,1,2
8,11,25,9,4,7,6,1,5,1
34,11,3,1,1,2,1,1,3,1
11,20,3,7,2,3,1,2,3,2
6,15,31,8,8,4,2,1,1,1
20,15,5,7,7,1,1,1,4,1
3,34,13,7,4,2,1,7,1,1
19,1,7,5,4,2,3,1,3,1
17,1,6,1,7,2,5,3,1,5
7,1,3,3,1,2,3,11,1,2
7,5,8,3,1,1,2,2,2,1
24,10,5,1,3,3,16,1,1,1
24,20,12,1,2,2,8,10,2,1
52,6,5,3,5,1,2,1,1,1
17,9,20,3,4,11,1,2,2,1
11,3,4,4,9,2,1,2,1,1
7,4,5,20,4,8,1,1,3,2
26,9,4,14,2,2,1,7,3,1
5,21,1,1,2,6,2,2,2,1
31,14,28,3,6,1,1,2,1,2
16,11,1,1,5,1,1,1,2,1
6,7,8,2,2,2,4,1,2,1
8,2,7,5,3,3,4,2,3,1
5,1,5,9,5,1,1,2,1,4
32,12,10,2,1,3,9,2,1,3
34,8,5,3,3,2,2,1,1,2
22,9,3,8,3,4,6,1,1,1
6,6,24,4,3,3,7,2,7,2
7,4,8,2,6,1,1,1,2,1
22,19,1,1,2,2,2,1,3,1
16,10,1,3,7,1,1,2,2,2
9,20,2,3,1,2,2,1,1,2
12,29,13,3,1,1,1,2,1,1
9,10,2,5,6,5,1,1,1,1
10,11,5,5,4,4,2,4,1,1
32,21,2,3,3,5,3,1,6,1
8,7,2,13,4,3,2,1,1,3
65,5,5,1,1,3,4,2,3,1
4,13,9,16,4,16,7,2,2,4
34,7,3,7,1,2,1,3,1,1
14,1,2,3,3,3,2,1,1,1
36,24,4,1,12,4,2,2,1,1
6,2,4,3,5,1,1,1,1,1
24,10,15,4,1,2,3,1,1,1
23,6,2,2,5,2,8,2,2,5
11,37,7,9,1,1,3,4,1,2
11,4,17,8,1,1,2,2,2,1
24,5,1,1,17,1,2,1,4,1
3,9,2,5,10,1,4,6,2,2
1,10,4,1,2,8,1,1,2,2
5,4,19,4,5,4,4,4,3,2
41,28,32,7,2,1,1,1,2,2
17,7,3,1,4,1,3,1,1,2
3,12,1,1,4,2,1,4,2,2
47,2,5,5,5,1,1,1,1,1
19,6,1,2,3,19,1,3,2,5
5,6,14,5,1,2,2,4,2,1
65,5,7,7,7,1,4,1,2,3
13,12,6,3,3,4,1,3,1,3
9,4,4,3,3,3,2,3,1,1
6,1,5,9,2,3,2,1,1,1
13,4,7,5,2,1,1,1,2,4
2,2,2,2,10,2,2,1,1,3
31,2,7,24,1,4,8,4,2,3
9,1,13,2,1,1,1,2,2,1
12,47,9,10,2,7,1,4,1,2
3,28,2,1,1,6,4,2,1,1
48,24,1,2,9,4,1,2,2,1
49,7,4,2,1,1,1,2,5,5
13,3,9,2,2,7,1,2,9,2
1,3,5,3,3,11,2,4,1,1
8,3,3,13,1,2,6,2,1,1
2,2,1,12,2,4,1,1,5,6
14,5,6,14,1,4,1,1,1,1
3,5,2,1,2,2,1,6,3,1
2,9,11,7,5,2,5,3,3,3
49,47,3,3,10,5,1,4,1,1
45,2,3,5,11,4,1,1,1,2
12,25,2,5,1,2,1,3,1,1
23,7,8,2,2,7,7,1,1,1
90,1,1,3,1,2,2,3,2,1
38,1,2,6,2,6,1,2,2,3
13,9,2,1,2,2,1,1,4,1
3,3,8,1,2,1,2,1,1,2
42,12,10,3,3,4,13,1,1,5
2,12,8,7,3,3,8,1,1,2
16,12,1,3,4,1,2,1,1,3
50,2,2,3,2,4,2,1,4,4
15,7,4,2,7,6,1,3,1,1
10,4,3,6,3,3,1,2,1,2
12,4,4,4,1,7,2,1,2,1
11,2,21,8,9,1,4,2,1,6
3,11,13,9,1,4,3,1,1,3
3,14,2,13,2,4,1,3,2,1
7,10,9,4,5,3,2,2,1,2
26,10,19,8,1,1,3,1,3,2
46,10,2,6,1,1,3,1,6,3
9,1,1,1,5,1,2,1,1,1
12,22,15,8,2,1,2,3,1,4
11,1,2,6,1,7,2,1,3,1
24,21,8,9,2,2,4,1,4,2
3,14,2,4,6,2,1,3,1,3
2,2,15,4,5,5,5,3,2,2
44,6,3,9,3,3,2,3,1,3
29,16,24,5,6,2,3,3,2,2
13,17,2,8,1,5,2,1,3,1
12,15,1,1,4,9,1,1,3,3
3,18,3,17,5,1,2,4,1,1
16,11,2,2,4,1,1,2,1,3
24,27,10,4,6,5,2,6,2,3
24,3,3,4,11,5,2,1,4,3
30,14,4,1,4,4,4,5,2,2
6,14,5,2,1,1,2,2,1,4
17,1,11,8,3,2,5,1,1,1
1,5,2,9,3,2,1,1,3,1
2,11,2,5,2,6,1,1,3,3
24,11,4,5,3,4,1,1,1,3
22,13,2,4,10,1,2,1,8,1
8,2,23,8,6,8,3,4,1,3
10,10,4,29,1,4,6,1,2,1
4,10,3,2,2,2,1,3,1,2
10,27,1,3,2,1,4,2,1,1
1,15,9,1,6,3,13,1,2,3
31,13,4,3,10,2,2,1,1,2
3,19,9,11,1,11,1,1,1,1
27,4,10,1,6,3,5,3,5,1
91,2,6,2,1,3,1,6,1,3
29,11,1,2,4,6,1,1,1,2
13,7,11,1,4,1,2,1,1,1
29,6,5,1,2,2,3,1,1,2
18,8,9,4,1,1,5,1,1,3
4,7,7,3,7,5,1,2,1,6
18,5,3,2,6,4,6,1,2,2
45,4,5,10,3,7,1,1,1,5
25,32,4,4,4,1,5,3,3,3
18,14,1,2,2,1,6,1,3,3
5,21,7,3,2,2,1,4,2,1
21,29,6,1,1,5,5,2,6,2
10,19,8,13,1,2,4,3,1,1
40,3,3,2,13,3,8,12,1,4
2,1,2,18,2,3,2,3,1,1
2,24,2,7,10,3,5,1,2,2
7,1,2,1,9,7,4,3,1,4
30,4,1,2,2,1,4,7,3,6
8,4,3,11,1,3,2,1,1,2
3,10,3,13,5,6,1,1,2,1
15,6,2,9,4,2,4,1,1,2
9,4,1,5,4,1,3,6,2,3
28,2,2,1,3,1,3,1,1,3
25,2,3,1,1,4,2,2,7,3
39,7,4,5,7,4,2,4,3,1
28,2,2,1,2,1,1,1,2,3
8,4,18,3,2,2,1,1,1,1
11,18,16,1,5,6,1,2,3,5
33,3,4,9,2,2,2,1,1,2
31,15,1,1,1,2,3,1,3,2
18,12,8,3,3,1,1,4,3,2
5,4,6,1,4,1,1,2,2,1
15,17,2,5,7,6,5,5,1,4
5,27,3,1,1,1,2,1,2,1
18,4,1,3,10,1,2,2,3,3
1,3,4,10,5,1,9,3,1,1
19,11,6,5,1,7,4,3,4,1
19,4,6,3,1,2,1,3,8,1
23,6,2,5,6,7,1,6,2,2
7,10,5,2,3,3,5,4,2,5
62,21,6,1,7,5,1,2,1,1
53,4,7,2,12,4,1,2,2,3
56,8,17,4,9,7,2,1,2,1
2,12,2,1,4,3,1,2,1,1
16,3,23,7,5,2,1,1,5,1
6,32,7,2,13,5,2,2,1,2
5,2,2,2,5,1,5,3,4,1
12,16,1,2,3,4,2,1,4,3
8,9,1,5,2,3,2,3,1,1
4,7,2,7,3,8,5,1,3,3
25,2,14,2,3,6,2,1,5,3
6,16,5,3,2,2,3,2,2,3
12,34,19,5,1,6,2,2,2,3
29,10,4,1,3,5,2,1,1,8
16,11,6,9,2,1,1,1,4,3
11,4,6,4,2,2,6,1,2,3
18,2,12,2,1,1,4,1,2,1
21,2,3,2,1,5,2,2,2,5
23,6,16,2,2,1,1,2,1,4
3,3,1,1,7,3,2,3,12,6
45,27,4,5,14,8,1,3,6,2
11,15,23,7,1,3,1,3,1,2
17,38,4,4,2,1,2,3,1,2
4,2,2,6,21,1,1,1,2,1
2,2,2,4,2,2,2,1,6,2
47,10,12,4,1,4,2,5,4,1
1,4,9,1,1,3,3,6,1,1
37,23,8,10,10,2,2,1,4,2
1,6,8,1,1,1,4,3,2,2
31,2,2,1,3,3,3,3,1,1
8,11,4,9,1,1,2,1,1,1
17,4,7,2,4,1,9,4,2,1
38,9,5,5,3,2,1,1,1,3
40,9,1,1,10,5,2,5,2,2
6,13,12,3,4,1,3,2,1,1
40,17,2,9,5,1,3,2,1,1
24,3,10,1,4,1,2,1,5,5
6,30,3,3,4,4,1,3,2,1
12,14,21,2,1,4,2,2,1,4
23,4,5,2,2,3,4,6,1,1
25,4,16,3,12,8,3,1,3,1
25,1,21,2,1,2,2,2,4,1
5,1,31,4,2,1,5,1,2,1
7,1,2,14,4,5,5,1,1,1
7,19,2,7,2,2,5,2,5,2
10,11,3,1,2,1,1,1,3,2
32,13,11,9,4,1,4,2,2,1
9,1,4,10,2,8,6,3,2,1
51,3,2,3,2,1,1,3,3,2
2,5,10,12,1,1,3,3,2,1
8,10,2,1,2,3,9,1,2,1
3,1,12,2,6,1,5,1,3,3
2,2,10,7,2,3,1,1,2,1
15,17,6,13,1,4,9,1,1,1
1,3,4,5,2,1,7,1,5,2
32,32,2,13,8,3,3,3,2,1
43,1,13,7,2,4,1,1,3,1
3,13,4,3,2,1,1,5,1,2
4,20,2,3,2,4,4,1,1,1
3,4,7,14,1,1,3,2,2,2
43,5,10,5,1,1,2,2,1,1
30,2,11,1,10,3,2,1,1,1
1,11,6,2,2,6,2,1,1,2
1,21,8,7,6,3,1,1,1,1
3,2,5,3,2,5,1,1,3,6
12,13,13,13,6,1,1,2,1,1
32,8,22,3,4,2,3,1,1,3
15,16,1,4,1,7,4,4,1,1
8,3,16,1,2,1,3,1,1,2
27,28,1,3,9,5,3,2,6,2
7,10,2,2,6,5,2,1,4,1
47,20,25,2,8,2,7,2,1,2
11,1,2,3,1,5,2,1,3,2
43,4,15,2,4,2,4,1,4,1
68,1,24,2,6,1,2,5,7,1
31,1,1,4,2,2,3,2,1,1
21,1,9,6,6,1,1,2,1,1
3,43,3,2,4,1,3,8,1,1
18,15,15,1,6,2,3,3,6,6
14,9,5,4,1,2,1,2,2,2
1,3,14,7,2,4,2,2,5,7
33,5,12,5,2,2,1,5,1,1
11,17,3,7,4,2,2,1,1,1
12,3,9,5,3,4,1,1,2,1
8,7,2,2,2,3,6,3,1,3
8,4,6,1,6,5,5,4,3,3
27,38,7,5,1,3,1,2,5,3
12,26,7,1,5,3,2,2,1,1
35,1,5,3,1,6,3,2,3,2
58,7,13,6,5,3,3,1,2,3
2,13,52,1,1,4,1,2,2,3
2,3,2,5,2,3,1,1,3,1
15,2,3,3,14,2,20,1,1,1
46,15,2,13,2,10,2,1,1,1
73,13,5,1,2,1,1,1,1,1
1,9,3,4,15,1,2,3,2,4
32,8,7,3,3,1,1,4,1,2
30,6,1,1,3,2,2,1,1,1
33,16,20,3,6,4,3,1,1,1
17,2,5,3,2,2,1,1,1,1
1,26,10,10,2,4,2,3,1,1
9,2,1,1,2,1,7,9,1,1
4,3,1,12,5,1,1,1,3,3
65,8,4,8,5,4,5,2,4,1
38,9,10,2,5,8,3,2,1,1
55,12,1,2,3,2,7,1,2,1
39,7,2,9,1,5,2,5,2,1
32,7,15,3,1,4,4,4,1,1
34,3,5,10,1,2,4,1,2,4
13,11,4,2,1,3,3,2,2,2
4,3,1,7,1,1,1,2,2,2
62,4,35,2,5,4,1,3,1,2
9,3,2,1,1,2,1,2,1,1
11,15,7,2,2,3,1,2,1,1
56,3,18,5,1,1,4,2,2,1
15,2,3,2,7,8,2,1,1,1
44,1,3,2,2,1,9,8,1,1
7,11,12,3,1,4,1,2,2,1
23,10,3,1,2,3,2,2,1,5
4,3,9,2,6,1,1,1,1,1
10,18,2,3,1,8,6,2,3,1
12,11,8,2,5,1,1,3,2,2
5,18,1,6,1,7,1,3,2,3
5,3,5,4,1,5,3,1,2,1
17,11,1,3,2,1,1,1,1,2
47,7,10,2,3,5,2,3,1,2
17,3,3,2,5,2,2,1,1,2
3,15,1,1,8,4,1,1,1,6
28,15,2,8,5,3,3,2,7,2
25,4,7,3,3,4,4,1,6,1
26,26,3,1,4,1,1,1,1,1
19,4,1,5,3,5,4,1,1,1
21,1,1,3,3,13,3,2,2,1
43,23,1,3,1,1,5,1,1,2
12,13,9,3,2,4,4,1,3,1
12,4,1,3,6,1,6,4,5,4
10,2,6,2,1,11,1,1,2,2
42,65,1,1,1,4,6,6,4,1
6,2,3,11,2,6,1,2,1,2
4,1,3,3,2,1,2,4,1,2
7,3,12,2,2,1,1,4,9,1
12,17,6,2,5,6,1,5,1,5
8,18,17,1,1,10,2,1,4,3
2,5,1,1,7,1,1,1,1,1
11,9,1,1,2,6,4,1,8,1
6,9,21,14,1,1,1,2,3,1
12,12,3,1,3,2,3,1,1,1
29,10,10,1,3,1,1,1,1,2
9,1,3,3,3,3,2,3,4,1
38,6,1,6,2,1,1,1,1,1
31,1,11,2,20,4,2,1,2,1
42,1,19,1,1,6,3,1,3,1
17,1,24,1,3,3,8,4,1,3
10,8,10,4,5,6,3,4,2,2
11,12,22,13,2,1,3,4,2,2
58,7,1,4,1,4,3,1,3,6
15,11,11,9,2,1,1,1,1,3
6,21,2,1,2,6,2,2,2,3
10,17,2,6,5,2,1,3,5,1
10,3,1,4,4,2,7,3,2,2
4,9,7,32,5,2,6,1,2,1
80,4,4,6,4,2,4,3,1,1
7,8,8,2,2,2,1,1,1,3
81,2,2,10,2,1,3,2,2,2
16,3,4,5,3,1,2,1,7,1
29,43,6,11,2,10,3,2,1,1
19,2,3,1,1,3,2,3,5,2
21,2,18,1,1,1,1,2,3,1
10,38,2,1,3,4,2,2,2,1
25,2,10,5,3,1,1,1,4,2
23,2,21,7,4,7,5,1,1,5
9,1,1,20,2,1,4,1,3,2
14,8,6,2,7,11,1,4,2,3
14,4,1,1,8,1,2,3,2,1
8,32,5,5,4,2,2,2,1,1
46,4,10,4,2,6,1,1,2,2
8,16,2,4,1,7,10,4,2,1
36,10,10,8,1,2,3,1,2,1
9,30,11,4,11,4,3,3,1,5
5,19,4,4,3,2,3,5,8,3
15,4,8,5,10,2,2,2,2,2
32,13,3,7,2,1,1,1,5,2
33,9,1,2,1,10,3,2,4,1
25,18,3,1,5,3,1,2,1,2
10,6,4,2,7,4,1,2,3,4
2,18,2,18,4,1,6,1,1,5
49,14,16,9,2,1,1,5,2,2
22,1,11,21,5,3,5,2,1,1
9,6,12,4,3,5,1,1,1,1
21,8,6,14,2,1,2,1,1,4
17,4,4,1,6,2,2,4,1,1
5,2,3,1,5,1,1,1,1,2
3,7,1,3,4,2,2,2,2,1
15,33,6,3,9,3,5,4,1,2
116,13,1,1,7,1,6,2,2,2
5,16,3,9,4,5,1,2,4,1
13,4,2,7,3,5,4,1,3,2
17,12,37,1,9,1,3,2,3,3
40,10,2,1,1,1,2,2,1,1
66,10,2,1,4,8,1,2,1,1
29,3,3,1,9,9,1,3,1,6
3,5,9,8,4,1,2,2,4,1
12,6,22,4,1,4,1,1,1,4
9,5,5,2,1,8,2,2,1,1
19,2,2,9,1,3,2,1,5,1
31,2,2,4,7,4,8,3,2,2
7,8,4,9,4,1,1,1,1,4
31,5,4,1,8,1,2,1,3,1
15,2,16,2,1,3,1,1,5,4
1,3,1,5,4,2,2,3,5,3
5,3,5,5,7,1,3,6,1,3
2,6,6,4,2,2,5,1,2,1
34,13,15,5,2,8,4,2,1,1
10,2,2,14,1,3,3,4,1,1
6,1,8,14,1,7,5,2,2,4
1,6,1,1,2,2,6,1,1,1
9,19,9,6,5,2,3,1,2,1
12,4,16,6,3,12,4,1,1,2
18,13,9,13,5,6,6,5,2,2
33,8,4,2,1,6,3,4,1,5
68,5,2,9,2,1,3,1,4,1
10,4,3,1,11,4,1,4,5,2
33,9,9,12,1,1,2,1,4,1
19,4,2,4,6,3,5,1,3,1
17,3,12,2,9,1,1,6,2,2
8,33,8,23,15,2,1,3,1,1
12,15,3,5,3,1,1,1,1,1
12,18,5,15,4,1,1,4,3,1
34,8,2,24,11,2,1,2,1,1
17,20,1,1,2,2,16,3,2,3
16,2,3,5,3,11,2,1,1,2
7,5,15,25,5,2,1,4,2,7
2,2,20,2,10,3,5,1,1,2
11,1,2,7,2,2,3,1,1,1
21,2,8,2,3,5,1,2,1,8
6,4,5,1,8,2,4,1,2,2
44,43,1,1,4,2,4,1,2,2
26,3,4,3,4,1,4,2,3,1
28,46,10,2,2,3,1,1,1,1
3,13,8,2,5,4,1,1,1,4
5,5,3,4,2,1,4,8,1,2
13,8,13,6,5,1,2,4,5,1
25,3,3,9,7,1,3,1,1,1
13,16,6,6,7,4,2,3,1,4
1,7,2,3,1,1,1,3,1,1
9,21,4,1,6,3,1,1,2,1
41,2,4,2,2,1,1,1,4,1
22,4,3,15,1,5,6,1,2,1
5,5,2,1,2,3,4,2,1,1
24,4,6,14,2,5,4,4,2,1
7,3,18,9,7,8,2,2,3,5
18,4,6,5,4,5,3,1,1,3
16,1,7,5,2,3,10,2,1,1
1,4,1,1,4,5,5,2,2,1
5,20,11,3,4,2,2,2,3,1
32,16,6,1,3,1,1,2,1,1
2,12,2,3,2,5,6,1,1,1
5,2,4,3,2,1,3,3,1,2
14,24,9,8,1,4,1,1,1,4
40,31,2,2,2,1,4,1,3,1
12,8,5,5,1,3,1,4,1,1
1,2,12,1,6,1,1,4,1,3
5,2,4,3,2,9,3,6,1,2
3,12,1,4,3,3,3,1,2,1
14,3,1,2,5,4,2,1,1,1
11,1,11,8,7,2,3,6,2,2
40,24,9,2,1,3,1,1,1,2
30,35,35,4,1,1,3,3,2,2
13,4,4,2,1,2,1,1,3,1
11,10,7,2,14,1,1,4,2,1
8,3,22,11,2,2,2,1,2,2
13,4,7,2,7,2,3,1,12,4
22,34,8,8,5,1,3,1,2,1
81,12,9,1,2,6,1,2,3,1
7,15,1,2,2,2,3,1,2,3
8,4,7,17,6,3,1,2,1,2
28,12,10,10,3,6,1,1,1,1
11,11,2,7,4,1,8,3,4,2
3,4,2,1,1,3,2,7,2,4
11,9,2,2,1,4,1,2,2,3
3,1,5,2,3,4,1,2,1,9
82,7,6,2,5,1,2,1,1,2
33,3,8,7,2,4,6,1,2,1
44,41,1,15,2,2,2,2,5,1
62,3,11,14,1,2,4,2,1,1
6,11,3,3,3,2,2,1,2,1
18,5,1,8,10,1,1,3,2,4
1,11,10,4,1,6,2,3,4,2
27,18,13,8,4,4,1,5,5,3
88,8,1,4,5,3,5,1,4,4
11,17,10,26,1,2,1,1,2,2
49,2,13,1,3,1,1,5,2,1
6,4,1,2,3,4,1,1,3,1
4,3,6,5,5,1,8,1,1,2
12,5,1,3,6,3,1,2,2,1
66,1,9,2,5,1,7,2,1,1
13,6,1,1,1,1,6,4,1,1
16,19,3,1,2,11,1,3,1,4
8,8,8,2,8,13,1,1,1,1
3,5,9,1,1,1,1,1,2,1
22,14,1,3,4,3,3,1,1,1
47,1,1,8,1,1,8,3,4,1
15,7,18,2,9,1,3,1,1,2
16,17,3,8,2,5,2,2,1,4
16,8,3,13,6,6,6,1,1,1
14,3,26,1,3,2,2,1,2,1
6,49,8,6,4,1,1,1,1,3
6,47,2,4,1,1,3,1,2,1
2,11,6,9,3,3,1,1,1,3
89,3,3,1,5,2,1,2,2,1
14,57,5,2,3,2,1,2,3,1
9,1,9,3,4,1,6,1,5,1
24,3,11,3,6,5,1,1,5,1
1,6,3,2,8,4,1,3,1,7
5,2,3,1,2,1,1,3,1,1
33,8,10,2,2,2,2,2,1,1
5,18,7,4,9,8,1,2,2,1
14,22,4,2,2,3,2,2,1,1
1,17,12,4,10,1,3,1,8,1
5,5,6,20,3,1,1,2,1,1
1,8,1,2,1,22,3,1,1,5
9,20,3,18,3,2,6,1,2,1
31,4,4,6,6,1,3,4,1,2
4,19,7,5,1,6,4,1,1,2
17,29,12,2,2,2,2,2,1,1
11,18,4,2,6,3,2,11,4,3
6,7,6,1,2,1,5,1,11,2
6,17,5,2,2,2,1,3,6,1
17,6,13,3,3,3,5,1,4,1
1,5,1,4,6,4,4,1,1,2
5,4,2,3,3,3,2,3,5,2
35,21,2,15,3,1,3,3,2,4
31,34,6,1,4,3,4,1,1,2
2,25,2,8,4,1,4,6,4,1
17,1,5,6,1,5,2,3,5,5
4,7,9,4,2,1,3,3,9,1
68,11,3,5,1,1,5,1,2,3
17,3,13,8,3,1,1,1,2,6
6,5,7,6,4,9,1,1,1,3
18,3,6,6,3,9,1,1,2,1
25,7,5,4,3,3,2,1,3,3
67,6,19,18,2,3,2,2,1,1
31,34,1,5,4,7,4,2,5,1
30,1,3,1,7,10,4,6,1,1
5,3,1,1,2,4,3,2,1,2
15,14,8,11,1,11,2,1,4,1
1,25,1,3,13,1,2,1,5,5
12,12,3,3,2,6,3,3,2,1
17,8,2,1,3,1,2,3,1,3
53,1,4,12,4,1,1,1,2,3
3,2,1,1,10,5,2,2,2,4
36,2,5,6,1,4,4,1,1,5
2,3,7,3,4,1,10,2,1,1
43,23,2,3,1,1,9,1,3,1
57,6,6,7,1,2,1,1,1,1
10,3,5,9,4,5,1,2,1,1
51,1,8,2,3,10,2,1,1,1
6,3,5,8,1,7,2,7,2,3
8,6,6,9,7,1,2,6,1,1
12,3,9,2,2,1,3,2,2,1
21,8,1,11,1,4,4,1,5,1
7,5,1,1,1,18,2,2,1,1
7,16,6,7,1,3,1,2,1,1
4,5,5,6,9,2,2,3,2,3
12,8,3,4,1,3,3,1,1,1
11,1,8,5,3,2,1,3,2,1
39,4,6,10,3,4,3,1,1,2
41,39,17,3,4,2,1,2,4,1
49,11,5,3,2,7,4,1,2,2
2,14,4,2,4,2,1,5,1,2
4,4,5,5,7,1,2,1,1,2
45,3,21,6,2,2,1,1,2,2
2,10,5,12,4,1,3,2,2,1
31,2,2,9,3,3,5,1,7,1
17,5,7,4,1,8,1,4,1,1
28,13,7,1,3,5,2,2,5,1
5,10,1,4,1,5,3,1,1,2
58,8,3,4,2,4,2,9,1,1
15,7,5,13,1,2,2,1,2,1
17,20,1,5,1,6,1,1,1,4
4,1,3,3,3,7,3,3,2,2
29,8,1,7,2,6,2,2,2,3
29,2,7,3,1,4,1,1,3,1
10,41,2,11,7,4,2,4,1,3
1,11,4,7,2,5,2,1,1,1
16,5,4,1,12,2,6,1,1,1
28,3,5,5,4,7,1,2,1,1
7,11,14,1,7,12,2,6,1,5
30,11,7,14,6,7,1,1,1,1
29,7,2,7,6,2,1,1,1,1
14,3,3,1,1,1,1,2,3,3
16,7,1,2,2,2,2,3,2,1
7,1,13,3,8,1,1,2,1,1
32,2,16,1,9,5,1,2,1,1
19,3,2,4,1,1,1,2,2,3
23,4,5,1,5,4,1,2,2,1
5,19,10,3,1,7,1,5,1,2
19,6,12,1,3,4,1,1,3,3
2,3,4,21,3,2,2,2,1,4
32,5,9,3,4,5,1,1,2,1
2,7,10,5,1,2,2,3,1,3
41,20,1,1,5,5,7,1,3,1
36,1,17,1,2,4,3,2,2,1
26,43,9,10,1,5,2,4,1,1
54,12,6,9,5,2,7,2,1,5
25,13,2,8,5,9,1,4,7,4
27,24,5,2,4,4,2,2,1,2
73,34,22,10,3,2,2,4,3,3
6,2,6,3,1,3,1,3,4,1
9,10,13,5,2,1,3,1,2,2
12,6,1,10,5,1,3,2,3,2
6,2,13,3,6,4,2,3,4,2
20,25,10,8,11,4,1,3,2,1
19,8,3,5,2,1,4,1,3,3
13,16,3,1,1,5,2,4,1,2
7,3,11,12,1,1,3,1,1,1
10,4,6,6,11,1,1,1,1,1
4,8,1,4,1,1,1,5,6,4
8,5,4,1,1,1,1,2,2,1
7,26,6,4,1,1,4,9,2,2
6,1,4,3,3,2,3,5,4,3
1,16,3,3,1,1,2,1,3,1
30,8,7,2,5,1,2,2,1,1
4,2,11,1,1,3,5,3,2,1
7,31,6,8,1,2,3,2,2,1
18,7,14,2,1,1,2,2,1,1
10,9,1,10,3,6,4,1,4,1
14,4,7,6,6,1,3,3,4,1
51,2,11,2,2,2,4,3,1,1
15,3,4,1,3,1,2,4,3,1
49,15,12,1,2,5,5,2,4,1
19,6,2,1,2,4,1,3,1,2
31,6,2,1,18,2,4,1,1,3
43,10,10,5,6,2,1,3,3,1
23,7,3,1,4,1,1,1,1,2
39,15,2,4,2,6,2,2,1,1
14,7,6,2,8,2,1,2,4,6
13,15,2,2,1,5,1,2,5,1
14,10,1,22,9,3,3,2,1,1
32,9,3,6,3,3,3,3,1,2
7,18,1,1,1,1,2,1,1,1
4,6,3,1,5,2,6,4,3,4
5,11,17,1,1,4,3,2,2,4
61,14,1,2,5,3,2,5,2,1
19,21,5,3,5,2,1,2,1,4
4,8,5,4,1,3,1,2,1,1
39,24,1,5,5,3,6,4,3,7
6,9,6,2,1,3,2,6,3,1
2,6,6,8,1,1,2,2,4,5
4,16,3,1,4,6,5,2,1,3
59,4,11,9,2,2,1,1,1,6
7,31,1,3,2,5,3,1,1,5
3,4,3,2,1,4,4,2,3,3
20,19,2,1,4,2,1,3,2,1
26,15,2,8,1,2,5,1,2,2
39,13,3,13,1,2,1,2,1,1
17,10,10,3,5,3,1,2,1,1
9,29,8,2,2,2,1,1,4,3
11,14,1,3,1,6,1,2,2,3
6,2,12,2,1,6,6,2,2,5
3,3,1,5,1,6,1,2,1,1
19,34,1,2,1,3,1,1,3,1
32,3,1,2,7,1,1,2,1,1
23,3,10,14,4,1,2,5,1,1
99,15,2,3,5,1,6,1,1,5
39,6,6,3,7,4,2,9,1,3
27,7,1,5,1,5,1,1,1,1
19,5,9,10,2,5,1,1,1,1
9,17,5,2,1,2,1,3,1,1
7,2,4,1,2,1,5,2,1,1
9,23,4,16,3,2,1,2,2,3
5,13,2,4,1,2,4,1,1,1
3,2,1,4,21,4,8,2,6,5
9,7,6,4,3,7,7,1,1,3
11,12,1,3,12,1,1,1,1,1
3,12,2,4,2,3,2,2,1,1
1,44,11,6,6,1,1,4,1,1
29,1,2,2,8,2,2,1,1,4
22,31,6,3,4,2,1,4,1,2
69,4,19,3,3,10,1,1,4,1
8,5,7,1,1,1,3,1,1,1
76,7,5,13,3,8,4,1,1,1
1,23,10,2,3,4,3,1,2,1
38,8,15,3,3,8,1,4,1,1
9,4,8,6,3,1,1,3,1,2
23,15,8,14,1,1,2,1,1,1
25,13,1,6,4,8,2,1,2,1
5,10,1,10,5,2,1,2,1,6
15,6,1,1,3,2,6,1,2,2
11,4,19,5,6,2,5,11,1,1
5,5,8,5,7,6,1,1,3,4
11,16,6,6,1,4,6,1,2,4
58,3,8,6,7,1,1,1,1,1
51,2,6,9,1,2,1,1,4,2
89,11,2,6,4,13,1,2,4,2
5,5,3,5,5,2,2,3,1,1
3,42,17,2,2,7,2,1,1,3
1,16,8,7,5,3,3,1,2,1
4,12,4,6,1,4,7,4,6,1
3,6,6,3,4,1,6,1,1,1
14,5,3,10,1,4,1,1,9,3
9,9,4,2,3,3,8,3,1,2
2,9,13,4,2,8,2,4,2,4
35,1,8,5,3,9,8,3,4,1
12,8,2,1,3,1,1,2,1,3
31,1,6,1,2,7,1,3,1,3
8,13,6,8,1,2,4,1,1,1
20,3,1,2,3,2,4,1,2,2
9,11,7,1,3,6,2,1,1,2
13,19,1,2,2,5,1,3,5,3
13,2,8,7,1,1,5,6,2,1
25,13,1,4,1,1,1,1,4,2
8,6,16,3,6,9,2,1,2,3
5,6,6,1,1,8,4,2,2,1
4,3,8,5,3,4,6,9,1,1
7,8,4,5,2,7,1,1,2,2
45,2,7,9,3,3,3,1,2,3
32,7,8,2,1,1,3,2,1,1
9,17,3,6,1,2,2,3,5,1
1,5,25,12,1,5,4,8,2,5
34,5,16,12,1,5,1,1,4,1
4,13,1,1,7,1,4,6,2,2
2,2,6,4,18,1,1,1,2,2
21,8,11,3,4,1,7,2,6,2
2,20,3,33,2,3,3,1,3,3
1,1,4,1,5,2,2,5,4,3
6,8,3,10,2,3,1,6,1,2
9,4,2,3,2,1,1,2,1,2
18,1,1,2,1,6,1,1,4,4
2,5,4,6,1,1,5,1,1,1
2,17,8,8,5,14,2,4,2,4
10,5,2,4,4,8,3,2,1,1
15,5,6,10,7,10,2,1,4,2
21,3,8,1,14,1,1,2,1,2
23,8,4,5,9,1,10,2,3,2
40,7,20,2,11,2,2,8,1,1
5,10,2,13,3,2,7,1,2,1
2,1,9,9,5,1,6,2,3,1
4,24,5,6,6,10,1,2,5,1
9,1,11,2,1,4,7,2,2,3
20,2,15,2,7,1,1,4,2,2
13,1,6,7,5,5,1,2,7,3
33,7,5,2,1,1,3,1,1,1
3,10,2,2,1,1,2,1,3,1
33,2,6,18,2,2,5,1,1,2
23,8,8,6,3,1,4,2,4,1
5,14,17,3,1,3,1,4,2,1
7,2,12,4,3,1,4,2,2,1
24,18,20,7,1,3,1,1,1,8
39,34,1,3,1,1,3,5,1,4
1,2,11,3,7,3,3,5,1,6
13,9,20,1,2,2,2,2,4,3
2,1,2,6,3,2,2,4,1,1
12,3,2,2,9,1,1,2,1,2
76,3,18,7,1,3,3,5,7,5
7,17,10,4,5,3,1,3,2,3
7,5,1,1,6,1,7,2,2,2
30,11,8,5,3,1,6,2,3,1
12,13,2,1,1,1,3,4,1,2
14,2,3,6,1,1,1,3,4,2
8,23,2,5,2,3,1,1,4,1
8,7,12,1,2,1,1,2,1,2
5,3,3,3,17,1,1,1,3,1
45,21,1,18,7,1,1,2,2,1
30,1,14,1,2,4,1,1,5,5
27,2,22,1,6,3,1,3,2,1
9,15,2,2,8,3,9,1,3,1
13,13,7,8,2,2,1,1,4,3
32,6,10,4,11,4,1,1,2,1
10,42,1,5,3,2,2,5,1,5
6,13,3,3,1,4,2,1,3,2
11,13,3,3,2,2,9,1,1,1
11,6,16,1,1,1,1,2,1,1
7,3,20,1,5,1,3,2,1,6
5,6,1,2,5,4,1,10,2,1
5,3,5,6,5,2,4,2,1,1
2,19,9,15,3,2,2,1,1,1
15,1,13,5,3,6,1,1,2,8
57,10,16,3,2,2,1,3,1,1
3,24,16,2,3,1,1,7,1,3
3,11,3,2,7,3,2,2,3,1
3,7,3,7,4,4,3,2,3,3
46,13,26,5,8,4,2,2,4,3
9,3,5,3,1,2,2,1,2,1
11,15,3,1,1,2,1,11,2,2
5,11,3,2,1,12,4,5,2,1
8,1,10,1,5,5,1,1,1,7
2,9,11,2,2,4,6,9,3,3
18,2,2,1,2,3,2,2,2,2
1,7,3,9,7,2,1,1,3,4
31,1,16,1,5,4,3,7,2,1
13,1,3,2,4,1,1,3,1,2
29,47,12,1,2,2,1,4,1,2
3,4,3,4,4,2,2,1,1,5
1,22,13,3,4,1,2,4,1,3
5,31,3,12,4,1,14,1,2,2
3,7,38,4,3,2,1,1,1,1
24,6,1,3,3,3,1,6,2,1
7,3,9,3,5,1,2,2,3,1
23,13,5,2,1,1,1,2,2,4
37,6,6,1,5,4,5,5,2,1
17,18,2,4,1,3,2,2,1,2
30,6,9,4,1,2,4,3,1,2
91,8,4,3,3,1,7,1,3,1
31,1,23,6,3,6,2,1,3,2
31,3,1,1,1,1,1,3,1,2
26,4,7,4,9,2,9,3,3,3
39,1,3,2,1,4,13,4,1,3
13,2,10,1,5,3,1,1,1,3
67,17,19,4,1,2,5,9,2,3
3,8,8,4,2,3,1,5,1,1
21,4,20,15,9,3,1,1,3,1
31,49,4,3,1,1,1,4,1,1
20,8,9,1,1,10,4,2,1,1
11,9,3,2,9,3,1,1,2,1
9,9,6,2,3,1,3,1,1,1
1,1,13,4,2,2,2,1,1,4
40,22,5,9,3,2,2,2,1,3
4,6,7,7,7,1,1,6,7,2
34,14,11,1,3,11,3,2,1,1
8,5,6,6,3,2,4,5,1,2
27,11,3,1,4,1,1,2,3,2
48,19,7,3,4,3,5,3,4,3
50,14,10,6,1,1,2,1,5,1
3,1,7,1,7,1,3,2,1,2
4,20,8,2,7,10,1,4,3,1
32,33,11,6,1,5,2,1,1,2
2,5,6,9,3,1,2,4,1,1
23,8,1,5,2,2,1,1,3,1
65,8,3,2,5,3,4,3,1,3
10,5,5,5,1,2,5,3,6,2
33,5,18,1,2,6,1,1,1,1
8,19,4,2,3,2,1,1,1,1
28,2,4,3,1,2,3,2,3,2
17,10,28,4,1,4,5,1,2,1
10,28,4,3,3,1,4,6,1,1
10,1,1,7,4,1,7,1,1,1
11,9,11,1,1,1,2,1,1,2
18,10,14,2,4,4,1,4,4,1
18,11,1,5,4,2,2,2,1,2
55,20,11,6,2,4,1,1,1,5
49,13,6,8,2,3,2,2,1,1
15,14,10,1,2,3,3,5,1,1
4,2,3,4,5,1,1,2,1,2
50,3,11,1,2,5,6,1,4,2
20,32,14,1,2,5,3,1,1,2
3,7,12,12,1,3,1,1,1,1
2,2,1,2,2,1,1,1,2,3
37,2,5,4,1,3,4,4,1,3
12,8,3,7,1,1,5,2,1,2
62,3,8,3,1,2,1,1,3,3
51,11,20,6,7,7,4,4,2,2
23,16,1,5,2,1,1,1,1,3
65,51,5,6,2,6,1,1,2,2
30,8,8,2,3,8,10,2,3,3
10,4,2,3,2,2,1,1,1,1
12,10,5,1,1,1,5,1,2,3
7,10,6,1,5,5,3,1,2,2
11,7,9,3,1,5,1,2,1,1
1,9,4,10,11,1,1,8,2,1
9,19,22,7,3,2,3,2,1,1
17,1,11,4,2,1,1,2,1,3
3,22,12,8,4,2,7,2,2,1
38,5,5,6,3,6,3,4,4,1
13,9,1,2,3,3,1,1,7,4
11,9,16,12,3,2,4,6,1,1
40,8,8,3,10,3,2,2,1,2
7,15,6,3,3,4,1,2,11,5
5,2,3,1,7,4,2,3,2,1
18,17,7,2,2,1,9,3,3,1
21,12,5,1,1,2,1,5,3,2
20,2,5,2,2,6,5,5,1,1
29,16,17,1,3,1,4,4,3,2
8,15,4,1,5,2,2,5,1,1
2,22,3,1,1,1,3,6,1,1
37,66,8,3,3,1,2,2,1,1
12,5,4,11,1,3,1,3,4,1
5,7,8,12,2,2,1,1,6,2
22,4,5,1,1,14,10,1,1,1
15,1,1,1,5,4,1,2,3,1
4,15,3,2,2,1,2,1,3,2
4,8,1,12,1,4,2,1,2,1
16,4,6,9,20,4,1,2,6,3
26,2,4,7,3,1,5,3,5,2
7,19,2,3,2,2,1,1,1,1
15,3,3,4,1,4,1,2,3,4
27,2,7,5,1,2,1,1,2,1
1,2,11,5,3,5,6,2,1,3
37,2,18,3,8,9,3,1,2,3
4,2,10,5,3,1,3,1,1,3
13,21,1,12,4,2,6,9,1,3
6,11,3,1,5,12,2,3,1,2
11,12,14,5,6,2,1,2,1,1
20,1,2,5,1,4,3,2,7,1
13,2,31,2,1,5,2,8,1,1
16,68,23,4,2,10,1,1,2,2
3,5,6,2,3,11,1,2,2,1
37,8,5,9,1,2,1,3,2,4
63,9,9,3,3,2,2,6,2,1
65,5,5,8,11,5,2,1,3,4
9,10,16,8,13,7,2,1,1,1
25,5,1,2,9,1,1,1,2,2
18,27,17,5,5,1,4,1,4,1
29,4,6,7,3,5,1,2,1,2
14,19,6,1,1,1,3,1,3,1
27,4,27,4,2,7,1,2,2,2
5,11,10,4,5,1,1,3,2,1
2,25,25,1,4,2,3,1,1,5
27,8,17,1,3,5,2,1,2,1
28,4,10,9,5,1,1,2,1,1
2,9,3,10,3,3,9,3,9,2
9,1,13,7,6,2,2,1,1,5
21,1,4,1,2,1,1,3,3,1
28,5,6,18,2,5,3,2,1,8
8,6,17,1,3,1,1,3,2,1
19,7,15,1,2,1,2,2,3,1
38,5,3,9,3,3,1,1,4,1
56,21,19,1,5,3,2,1,1,3
1,29,9,9,5,2,2,2,1,2
15,20,1,2,4,3,3,4,2,4
4,6,13,23,4,4,2,2,2,1
15,5,2,5,2,1,5,4,3,1
46,1,1,6,2,6,3,1,1,1
2,9,17,3,16,1,4,1,1,1
5,31,12,1,4,6,2,4,1,2
101,7,4,3,2,2,1,1,2,1
34,6,13,2,1,2,8,5,2,2
4,13,2,2,2,2,3,5,3,1
1,7,3,2,12,1,1,2,4,1
6,2,3,16,2,2,1,5,2,1
8,2,11,8,10,4,7,2,3,1
3,1,9,4,5,1,4,7,1,1
8,11,3,9,1,2,1,2,1,1
30,6,3,3,10,2,3,1,1,2
4,1,13,18,1,10,3,1,1,3
27,16,6,4,3,5,2,1,1,4
27,22,18,1,3,4,1,1,1,1
63,2,8,5,11,2,2,1,1,6
50,6,2,3,3,1,3,1,3,2
9,1,23,1,2,2,3,3,5,3
10,20,8,1,4,1,3,5,5,4
9,4,5,2,11,6,1,7,1,1
34,7,2,4,2,3,9,3,4,1
26,10,15,3,1,3,2,6,6,1
18,1,3,2,17,1,1,1,2,1
4,16,2,7,2,3,10,1,3,2
19,7,15,2,2,1,2,1,2,3
35,4,4,6,11,2,3,1,2,1
2,12,6,4,1,5,2,2,1,5
36,21,13,2,6,1,4,5,2,1
41,6,13,5,15,1,6,1,1,2
14,5,4,6,1,1,1,3,2,4
52,3,1,1,1,2,6,4,2,1
8,9,8,1,6,7,1,6,3,1
10,27,1,8,3,9,1,1,1,1
48,17,11,6,5,1,1,9,1,1
2,2,2,3,4,1,2,7,1,1
33,1,3,4,3,2,1,1,4,2
13,9,10,5,6,1,2,1,1,1
6,1,12,3,2,3,9,5,4,4
14,6,2,1,5,1,2,2,3,3
3,8,9,8,2,6,1,1,3,2
1,7,8,4,1,3,4,1,3,2
31,3,2,4,3,1,1,1,6,1
77,17,23,2,11,12,6,4,1,1
1,29,18,5,4,8,1,4,2,1
3,11,13,1,4,9,2,5,4,5
5,7,2,4,6,1,1,3,2,3
10,1,21,12,2,1,5,1,1,1
1,2,3,5,1,6,3,2,2,1
23,13,2,7,1,3,9,1,6,3
11,2,6,1,5,4,3,1,1,1
21,2,2,5,4,6,3,1,1,2
18,3,15,6,1,3,4,1,1,5
4,10,13,1,1,3,3,1,1,4
9,12,5,2,1,1,1,1,3,2
8,1,1,6,1,2,4,3,6,2
29,1,11,3,2,4,1,3,5,1
14,1,4,2,3,3,4,3,3,1
16,29,10,6,1,2,7,7,1,1
9,22,2,1,5,13,3,1,1,2
4,11,15,1,1,1,1,3,1,3
6,2,10,12,2,7,4,3,1,3
3,4,2,3,12,3,8,3,4,1
7,7,1,1,2,1,1,5,5,1
15,9,14,3,2,1,6,2,1,1
9,10,9,1,4,1,2,1,3,4
11,3,1,1,4,1,1,2,2,2
7,6,6,2,4,8,2,6,1,1
3,15,4,20,4,3,2,2,1,2
30,20,6,25,6,2,3,2,5,1
9,24,2,9,4,4,1,1,5,1
24,14,10,6,4,3,1,9,3,1
26,3,8,16,1,1,1,1,3,3
7,3,2,3,4,4,4,11,3,3
1,13,4,4,11,1,4,7,2,5
26,41,9,1,2,4,1,1,1,3
3,9,4,1,2,2,5,2,1,3
5,10,6,3,3,1,4,2,6,1
11,1,6,5,3,2,1,1,1,2
45,7,1,11,7,2,4,1,1,1
36,8,8,8,8,7,2,1,1,3
45,15,8,18,7,1,4,3,1,2
20,8,2,1,7,3,9,2,2,1
23,3,2,1,7,4,4,4,2,3
109,9,1,5,2,14,5,2,3,2
47,9,23,1,12,2,1,5,3,2
17,8,3,7,1,2,6,3,1,3
2,15,8,6,1,8,2,5,5,2
4,27,6,3,7,1,2,7,1,1
9,10,2,5,2,1,1,3,4,6
50,4,1,1,2,1,5,2,1,5
20,7,9,7,1,1,1,1,1,4
39,7,10,10,5,2,8,4,7,2
9,11,6,7,5,1,2,4,1,1
8,16,1,3,4,2,6,3,1,3
3,12,1,2,2,8,5,1,2,1
14,22,12,1,4,2,6,6,1,1
1,5,1,4,1,4,1,3,3,4
2,1,2,3,4,4,3,4,1,4
8,6,10,2,2,3,1,1,2,6
5,22,5,3,4,1,1,2,2,2
14,14,5,5,4,2,1,4,6,2
67,6,6,3,5,4,3,2,2,1
6,7,12,3,1,1,5,3,1,3
1,17,8,1,6,2,2,2,1,1
11,7,7,12,5,3,4,3,1,5
23,19,8,2,2,1,1,2,4,3
18,4,3,1,8,3,4,1,2,1
16,22,4,1,9,6,4,1,3,3
12,15,5,3,5,2,3,4,2,3
33,1,10,3,1,4,4,4,3,1
5,14,6,19,2,7,2,4,1,1
18,10,9,2,1,1,2,1,1,2
34,16,9,4,1,1,1,1,1,2
16,6,8,8,3,4,2,2,3,4
11,6,7,3,1,7,1,2,2,1
3,7,5,6,6,1,5,1,2,2
70,14,7,2,9,1,1,5,2,1
11,13,15,2,4,3,1,1,3,1
20,1,1,2,2,1,4,1,1,4
26,16,1,6,4,5,3,1,1,1
12,3,1,1,1,2,2,1,3,1
29,20,5,12,2,2,2,1,1,5
40,1,11,8,3,3,1,1,1,1
2,1,3,3,6,4,4,1,4,1
15,8,6,1,2,2,1,3,1,2
17,5,2,2,6,8,2,4,4,2
22,4,14,1,2,2,2,2,1,1
4,4,1,2,1,2,4,1,1,1
25,1,2,4,2,4,8,2,6,1
59,7,1,5,1,7,1,1,4,3
50,3,4,7,2,9,4,1,2,1
44,5,9,6,10,2,1,2,1,5
6,1,1,3,6,4,1,3,1,1
8,5,20,1,4,3,1,3,3,1
57,13,5,12,6,3,1,2,1,3
6,4,8,5,2,1,3,1,1,2
6,21,8,1,3,2,2,5,2,2
3,2,1,1,4,1,1,1,1,1
6,10,5,1,2,8,1,1,3,3
12,3,5,3,3,7,1,1,2,1
9,1,8,6,1,6,2,5,2,1
13,40,4,6,2,3,6,4,1,2
7,4,4,1,7,5,7,1,2,1
1,10,1,1,2,1,2,1,2,1
6,10,1,4,1,2,3,1,1,1
21,1,4,5,5,1,2,1,3,1
2,3,4,2,2,2,1,2,6,3
13,5,6,3,2,2,4,1,1,1
16,5,10,4,1,1,3,4,2,2
17,5,3,8,2,9,11,1,3,2
15,6,4,1,4,3,1,5,1,2
21,26,1,13,21,1,2,4,1,4
2,32,17,8,4,2,2,8,1,1
23,28,1,4,1,4,3,3,1,1
30,13,9,1,1,12,2,2,4,1
1,16,2,8,2,4,1,2,2,3
18,10,10,4,3,5,5,2,2,1
6,12,2,5,2,2,1,1,4,2
4,7,1,12,1,1,1,2,2,1
15,15,3,1,1,2,1,6,1,3
20,1,5,3,2,1,3,2,1,1
1,1,4,15,2,5,6,1,1,2
7,10,9,1,8,1,1,2,1,2
6,19,1,2,1,7,3,1,3,1
26,6,10,6,8,3,4,4,1,1
89,21,2,3,7,1,1,3,1,1
9,16,1,9,2,10,2,1,4,2
3,9,10,25,7,2,2,2,2,2
25,1,11,1,1,3,1,1,3,1
5,22,4,6,2,3,3,1,1,3
12,7,5,1,5,2,1,2,3,2
20,15,1,5,1,1,4,3,1,1
11,3,13,1,7,6,2,3,4,1
18,2,4,10,8,4,1,8,1,4
38,2,9,3,6,7,5,2,1,1
35,8,4,1,3,5,3,1,5,1
36,28,8,3,3,1,2,2,3,6
9,4,11,2,1,1,1,1,1,2
7,4,6,2,8,1,2,1,2,1
1,6,3,11,5,5,2,2,5,2
5,8,4,11,23,2,2,3,1,1
6,16,4,1,4,4,5,3,2,1
25,7,21,6,7,1,2,2,4,6
8,6,3,5,1,1,1,2,1,1
15,5,14,17,1,7,4,4,2,3
42,7,2,5,7,10,3,1,2,3
31,14,2,1,2,16,2,3,1,5
52,16,7,5,1,2,1,1,6,2
10,1,4,8,1,1,1,4,1,1
17,7,24,17,2,7,1,1,7,4
14,15,8,10,2,6,2,1,1,1
60,22,10,2,4,2,3,4,2,2
30,6,3,2,1,1,2,2,3,2
55,21,1,5,2,1,5,4,5,1
18,10,3,3,1,3,6,2,1,1
4,13,2,7,10,2,2,2,1,4
15,20,7,15,3,2,4,3,1,1
4,26,1,10,16,4,1,3,1,4
3,12,5,2,4,1,3,3,1,3
39,2,7,1,9,2,4,2,5,1
7,2,6,8,4,3,1,1,3,4
16,21,21,1,2,1,1,1,3,1
4,9,8,4,2,7,1,7,1,1
20,1,8,4,3,3,4,1,7,1
13,12,1,2,5,1,2,1,4,3
23,18,14,10,2,2,1,1,2,2
31,4,4,7,1,4,1,9,6,1
5,23,1,1,1,1,1,1,3,3
17,6,7,1,2,3,4,2,2,8
12,4,1,11,4,2,5,3,1,2
27,4,8,2,4,10,1,2,1,2
22,13,3,2,10,3,1,1,2,1
46,11,12,4,3,3,3,1,2,1
6,11,1,3,9,2,1,1,5,3
20,1,1,6,5,3,1,1,2,1
7,13,1,3,3,2,2,4,3,2
43,2,4,5,1,1,2,1,2,2
18,4,3,1,3,2,2,1,1,1
9,20,8,4,8,4,7,1,3,1
22,9,4,7,16,1,1,3,1,1
5,11,11,1,1,3,1,2,3,3
23,9,5,2,4,6,1,2,2,1
4,12,1,4,2,2,1,1,2,1
18,13,3,5,6,1,1,1,1,2
10,9,3,2,12,2,5,3,1,1
26,1,5,1,2,1,4,8,4,2
17,17,8,3,11,4,2,2,2,1
2,13,7,2,2,1,3,2,2,5
6,24,4,12,2,3,1,1,1,4
14,1,4,3,1,2,2,4,1,1
6,37,11,5,4,1,1,3,1,1
3,10,7,2,8,2,1,4,3,2
41,9,7,10,4,1,6,2,1,4
18,6,3,2,3,3,1,4,3,1
3,3,2,1,3,1,1,1,1,1
6,45,1,1,1,1,10,1,2,1
50,2,9,16,1,8,2,3,5,4
29,2,4,3,1,9,1,1,3,1
15,9,14,4,1,1,2,3,2,1
61,18,1,7,2,3,1,1,2,1
8,13,19,6,1,3,2,5,2,3
45,29,1,1,1,1,5,4,1,1
8,9,4,11,2,6,3,1,6,1
118,7,3,3,1,5,2,3,2,8
1,15,10,1,3,1,1,1,2,2
1,30,2,2,9,2,6,5,1,1
6,13,16,2,5,2,1,1,1,1
15,8,12,5,3,1,5,7,1,5
2,8,3,11,2,1,1,1,3,2
1,11,15,4,4,1,9,1,2,1
6,10,1,1,3,1,1,7,1,3
32,34,11,4,6,4,4,1,3,1
4,28,5,9,2,7,4,1,2,2
9,3,1,6,1,3,2,1,3,3
6,2,3,6,3,3,2,1,1,4
25,18,29,1,2,13,11,2,2,1
17,1,2,1,3,3,1,3,4,1
12,4,2,2,2,1,1,2,3,3
12,22,4,3,2,4,4,1,1,1
4,5,8,7,5,1,1,1,1,2
6,3,12,4,5,8,1,5,1,1
12,1,1,14,3,1,4,4,1,3
10,6,6,4,2,3,1,1,8,2
13,3,4,5,1,3,2,2,2,1
41,12,13,5,2,1,4,3,1,2
82,19,2,15,6,4,1,1,1,1
36,12,2,2,3,4,3,7,1,2
2,18,4,2,10,5,5,1,1,4
4,1,5,1,5,1,5,1,1,1
7,1,5,12,7,1,2,1,1,1
5,6,17,12,6,3,2,1,1,2
5,10,2,1,5,6,3,1,1,2
24,2,12,3,6,5,1,1,1,1
19,23,4,5,1,3,3,3,5,2
12,14,2,2,2,1,3,1,5,1
3,17,36,2,8,1,2,11,5,4
1,13,22,2,4,9,2,2,4,4
27,4,5,7,4,1,3,1,6,1
5,3,4,2,1,2,1,1,1,1
5,39,2,5,8,1,1,8,1,1
2,28,10,3,2,1,6,3,4,2
37,12,26,2,8,1,2,2,6,1
51,9,3,3,1,1,4,2,1,1
11,5,7,6,4,1,5,1,1,1
10,7,6,6,4,3,3,1,4,1
16,8,2,8,10,1,1,5,1,2
5,6,17,3,4,4,8,5,3,1
9,4,7,2,3,2,1,2,2,2
39,3,8,8,1,3,2,5,4,1
9,2,8,2,5,1,1,2,3,1
15,18,29,4,2,5,8,5,1,1
1,19,17,3,1,2,6,1,3,3
1,6,3,1,2,1,1,6,1,1
5,4,6,3,3,2,2,5,2,2
31,29,9,29,4,1,1,2,1,6
14,22,12,1,8,2,1,1,4,1
9,9,6,1,5,2,2,2,2,2
5,2,1,13,5,6,2,3,1,1
9,2,3,7,1,2,1,3,2,1
11,8,9,4,4,3,8,4,1,3
17,5,1,9,7,6,1,3,5,5
24,6,17,1,2,3,1,1,4,5
40,8,3,11,1,3,5,3,2,2
56,9,1,2,1,4,1,1,1,1
5,2,5,1,7,4,1,1,3,1
8,6,12,2,2,1,1,6,1,2
2,4,11,4,10,4,1,1,1,1
3,6,2,1,10,6,6,2,1,2
5,6,4,2,11,3,7,2,2,1
28,10,1,4,6,1,1,5,1,1
15,8,3,12,10,7,2,1,2,1
89,34,19,4,2,8,1,1,4,4
7,3,11,5,3,3,1,5,3,4
9,4,6,1,2,8,8,2,5,1
12,14,8,3,7,10,1,10,5,1
13,12,24,9,6,6,1,1,1,3
6,25,25,4,5,1,4,2,1,2
30,11,3,1,6,4,3,1,2,1
23,31,3,21,11,4,4,1,1,1
42,3,3,8,6,2,3,1,2,6
10,21,3,16,2,2,1,1,1,1
20,24,4,19,10,3,4,1,1,1
7,9,10,4,3,1,3,1,3,2
13,7,20,1,7,7,1,2,1,3
4,28,2,2,2,6,8,6,4,2
33,12,5,1,1,2,6,2,1,3
23,24,1,6,6,2,2,2,1,8
48,2,2,2,1,2,1,1,1,2
14,10,5,17,2,3,3,1,1,3
7,4,3,1,1,2,4,2,1,1
74,31,24,1,3,2,3,6,1,3
69,1,8,9,5,3,1,1,2,1
62,6,10,9,1,3,3,1,2,1
1,17,5,5,16,3,4,2,4,1
2,4,16,1,15,4,2,8,6,3
18,8,7,4,3,2,6,1,9,2
26,12,2,6,2,10,3,3,2,7
24,9,3,16,1,6,1,4,2,5
16,19,2,4,1,4,4,4,4,1
11,3,1,6,3,4,8,1,1,1
30,12,10,1,1,5,5,2,1,1
8,1,11,1,1,1,5,3,3,1
14,18,1,8,1,5,3,1,4,1
80,33,20,1,1,4,2,2,2,1
13,11,8,3,4,4,2,5,2,2
1,1,4,5,3,2,2,2,2,1
41,6,3,5,3,1,3,2,1,1
6,2,10,8,5,3,1,2,1,1
31,12,27,11,6,1,1,1,2,4
9,25,2,5,1,12,1,1,1,1
13,9,2,7,3,2,2,3,1,1
19,12,9,16,1,3,4,1,1,2
6,14,13,2,3,3,1,2,5,2
63,9,5,12,2,1,1,1,1,1
16,6,1,11,2,1,3,1,5,2
11,4,7,4,2,1,3,1,7,1
7,7,3,5,1,1,7,3,1,1
3,3,6,4,3,4,2,2,2,3
36,12,4,7,4,3,2,1,5,4
4,3,4,8,2,2,1,2,2,4
11,4,11,8,1,5,1,1,1,2
13,6,21,1,3,3,2,2,3,6
10,24,25,1,7,3,3,1,2,2
5,11,6,2,2,8,1,3,1,2
21,1,1,1,3,26,6,1,2,1
9,5,5,2,2,2,1,2,1,1
14,4,3,3,2,6,2,3,3,1
7,5,10,4,1,1,1,1,1,7
2,6,4,2,2,4,1,2,3,2
9,16,11,2,13,5,4,3,3,2
19,3,11,1,5,4,6,1,1,1
20,2,2,2,4,3,4,1,1,7
22,27,3,4,8,6,7,1,2,2
17,3,14,2,1,2,1,4,4,1
46,13,5,7,1,2,2,1,2,2
12,4,2,1,5,1,3,1,1,3
1,2,3,2,3,6,3,1,5,4
3,1,15,1,2,1,3,1,1,1
39,8,19,6,1,1,5,3,2,2
7,12,14,4,13,1,2,3,5,1
2,13,4,2,12,3,1,1,1,2
28,11,6,1,1,3,17,5,2,1
34,20,6,1,2,10,4,6,5,5
7,4,3,9,5,3,2,2,1,1
15,6,3,9,4,1,3,3,2,1
29,2,3,1,1,1,4,1,3,3
11,12,1,1,1,10,6,1,1,1
6,14,4,5,2,5,13,2,1,2
43,9,11,2,1,6,2,1,1,1
1,7,1,5,1,3,7,1,3,3
14,19,1,6,1,4,3,3,1,1
1,6,1,3,1,2,2,1,2,1
42,36,6,4,10,5,3,1,3,2
36,9,2,3,7,12,2,4,6,1
10,23,2,2,1,2,3,1,3,2
15,9,2,4,2,8,1,2,1,1
29,8,2,5,12,1,3,1,1,4
18,44,8,4,4,4,2,3,1,1
47,1,15,5,3,1,4,1,1,2
14,10,3,1,2,8,8,1,8,2
2,7,3,1,4,2,1,3,1,2
15,2,2,2,1,2,8,2,2,1
43,9,7,8,4,2,1,2,2,2
43,1,8,3,11,6,2,2,1,2
1,1,9,3,1,3,11,1,1,1
5,25,5,5,1,1,2,9,2,1
3,14,6,4,3,1,1,4,2,2
12,24,3,4,12,1,3,3,2,7
14,5,1,6,2,1,1,2,2,2
10,7,22,17,2,1,2,1,2,6
43,1,8,2,2,5,2,3,4,2
43,14,6,5,3,3,1,1,1,1
1,23,4,18,5,6,1,2,4,1
3,9,4,1,11,1,5,4,2,1
50,1,4,4,2,3,6,3,4,1
19,9,2,2,15,5,5,5,1,5
8,8,4,8,6,1,4,1,2,3
11,7,5,2,4,2,2,2,2,3
12,13,7,3,2,3,5,3,5,4
11,12,2,1,2,1,2,1,2,2
3,1,2,5,4,4,3,3,1,1
10,10,5,4,4,4,2,1,2,1
8,6,10,1,2,2,1,3,5,1
43,21,10,1,16,3,2,2,2,1
12,12,11,3,5,1,4,2,2,1
3,5,6,18,1,1,1,1,2,4
25,24,8,4,10,2,2,3,1,5
33,8,12,2,11,2,9,4,2,1
9,10,13,6,4,5,1,6,3,1
18,4,5,15,9,2,2,1,1,1
21,13,2,7,1,3,7,5,3,2
3,10,3,17,1,7,1,1,3,1
1,13,5,2,7,4,2,1,2,3
5,4,1,3,1,3,4,3,1,2
8,10,2,5,2,1,1,2,1,1
13,8,10,12,1,1,1,3,1,2
15,6,2,26,2,4,2,1,1,4
10,9,6,3,2,2,2,1,2,8
39,1,8,5,3,1,2,3,2,2
41,1,25,6,3,2,2,1,3,4
37,1,2,8,3,1,2,1,5,1
48,6,25,2,3,1,3,7,8,1
90,6,8,8,2,3,1,7,3,1
15,12,5,11,1,3,1,1,5,3
61,7,5,4,5,3,2,4,1,4
6,2,10,5,5,4,6,1,2,1
7,1,1,18,9,12,5,3,2,5
41,9,6,2,10,3,1,3,1,2
3,28,6,3,1,1,1,1,1,5
92,2,6,1,7,1,3,1,1,1
3,1,9,3,8,1,4,2,1,4
23,1,20,10,1,1,1,3,3,1
12,6,7,1,4,1,8,1,4,3
1,5,1,6,1,9,4,3,4,2
3,2,8,11,1,1,3,2,1,1
3,1,9,8,2,1,5,3,2,3
24,19,16,1,8,2,3,2,3,3
6,20,14,6,2,1,1,1,2,1
4,1,3,36,3,2,2,4,1,1
17,2,16,1,4,4,3,5,4,1
26,10,10,2,3,4,4,2,1,2
17,9,14,2,6,1,1,3,2,2
11,2,6,9,1,4,1,3,1,3
6,20,6,5,4,8,1,1,6,1
11,4,7,6,1,2,1,1,5,6
19,12,12,4,2,2,1,1,1,1
3,6,6,2,1,4,3,2,2,1
43,2,2,2,3,7,2,5,1,2
13,21,2,2,1,4,1,1,2,1
22,2,11,4,3,11,2,1,2,1
1,6,32,3,1,3,6,4,3,1
42,2,4,5,11,1,1,2,2,1
15,30,10,1,2,4,1,5,1,3
18,5,2,2,2,7,1,1,2,2
1,21,1,7,8,4,4,2,2,2
2,16,3,2,2,4,4,2,2,1
35,5,4,3,3,5,5,1,1,1
10,4,7,3,3,5,3,3,2,2
16,8,9,4,8,1,2,3,2,2
20,13,5,9,3,1,6,1,2,3
35,7,8,3,5,7,1,4,1,2
1,4,30,13,4,1,1,3,1,1
41,2,6,1,3,2,3,3,1,2
10,31,13,1,1,3,1,1,1,4
26,8,9,10,2,1,2,1,5,2
9,1,5,11,9,10,5,5,3,1
2,3,10,6,10,7,6,3,2,1
19,5,16,4,4,3,7,4,1,2
44,2,10,1,1,1,3,2,1,4
27,1,2,2,1,7,1,3,1,5
41,17,8,6,1,3,2,2,4,5
1,19,5,5,4,2,5,1,1,2
5,3,1,1,5,5,1,5,3,3
11,6,1,18,2,2,4,3,1,1
8,23,5,3,3,1,7,5,1,1
21,3,14,3,3,1,3,4,2,2
2,6,10,6,3,2,1,7,1,1
16,2,2,10,4,6,6,1,1,1
2,6,7,1,13,1,3,2,2,1
45,2,5,2,1,1,3,4,2,1
22,5,3,2,6,2,9,3,2,2
3,7,1,10,1,1,1,1,2,2
6,19,4,2,2,2,2,1,2,3
12,3,6,1,6,3,2,2,3,1
17,8,14,12,5,3,1,1,1,3
30,2,3,6,7,1,2,3,1,1
13,17,4,7,3,4,4,2,1,2
6,6,7,6,2,2,3,5,1,1
3,21,3,6,1,1,6,1,3,5
6,6,7,11,7,3,3,4,4,1
31,14,3,6,1,1,4,1,7,1
16,6,3,16,1,2,7,3,1,3
32,6,14,2,2,3,1,1,5,1
14,49,8,2,2,2,6,1,1,3
4,2,7,3,7,1,1,5,1,1
16,6,1,3,1,4,7,3,1,5
7,9,4,10,2,3,3,1,5,3
6,8,17,3,5,2,3,3,2,3
2,4,6,10,2,2,3,13,2,1
117,1,38,9,19,1,1,8,3,1
24,3,11,13,6,4,9,4,1,9
19,1,4,3,1,2,1,1,1,3
57,6,2,3,3,2,2,1,1,2
13,39,9,7,2,5,2,9,1,1
8,12,1,3,2,1,1,5,2,1
9,6,1,2,3,2,2,3,3,1
21,17,14,3,7,1,3,2,1,2
23,6,5,4,2,5,3,1,1,1
18,7,20,1,6,7,5,3,1,1
1,2,8,2,14,8,1,2,1,1
57,12,3,2,1,1,2,1,3,3
3,1,8,17,2,5,2,3,2,1
14,15,18,12,1,1,4,1,1,1
37,1,1,1,3,1,2,3,2,3
29,5,3,4,1,6,2,1,1,1
28,10,4,9,1,3,4,1,2,1
23,11,15,6,3,1,5,6,1,1
3,32,1,15,2,5,1,1,3,1
17,8,5,4,5,2,3,1,1,2
6,15,4,1,4,2,6,2,1,1
28,7,14,6,1,3,1,1,1,2
23,6,6,5,4,1,2,1,2,1
24,12,2,12,7,1,2,1,7,3
15,9,2,3,1,1,4,1,3,2
19,9,14,4,1,1,3,4,3,1
3,4,6,3,1,2,2,1,1,4
4,6,1,1,5,3,1,5,6,1
14,1,1,3,6,4,1,1,1,5
9,2,11,9,4,6,2,4,1,1
18,2,3,5,3,2,9,2,5,1
2,8,2,12,1,2,3,2,1,3
29,12,4,6,2,1,1,2,2,2
1,10,1,1,3,3,1,1,4,1
4,9,13,5,3,3,1,2,2,1
20,36,11,7,1,1,6,1,2,2
37,4,2,2,2,5,1,6,2,1
4,4,8,9,7,7,1,1,1,1
31,7,6,11,2,3,1,4,2,1
12,13,18,2,7,1,4,1,5,1
16,25,1,4,5,4,1,2,1,1
3,23,1,3,3,4,1,4,1,4
24,5,14,2,2,1,3,2,3,3
6,5,4,2,3,2,1,1,1,6
100,4,1,1,3,1,4,2,2,2
1,1,4,7,21,1,1,1,1,4
37,6,7,7,5,1,3,1,2,4
2,10,1,5,1,2,4,1,1,1
12,3,11,6,13,2,14,2,4,2
55,2,10,7,13,3,3,4,4,1
34,3,10,7,1,1,4,12,1,1
29,16,3,4,4,6,1,4,4,1
17,5,4,1,4,4,5,1,1,8
18,8,7,13,4,1,4,1,1,2
12,29,5,3,1,5,1,1,1,2
38,1,9,8,8,2,2,1,1,3
31,5,4,9,1,2,1,1,3,1
12,4,2,1,2,1,2,1,1,3
31,29,3,10,2,2,6,3,1,3
17,11,3,8,1,2,4,2,1,1
2,11,6,3,4,2,1,2,1,2
23,7,4,1,1,1,1,2,1,1
9,1,10,1,4,1,6,4,5,1
4,22,5,7,11,1,2,1,2,2
9,7,2,15,5,1,6,7,3,1
23,5,6,6,1,2,2,1,4,1
2,27,1,2,4,4,1,1,2,1
6,15,4,6,13,2,2,2,2,3
5,3,8,6,2,2,1,1,1,6
5,5,7,10,6,3,1,4,1,3
31,4,5,1,5,3,7,3,1,2
38,1,1,1,5,4,2,1,10,1
2,5,1,1,1,2,1,1,1,5
24,1,11,11,1,5,3,2,2,3
22,4,11,5,2,2,1,4,2,4
6,25,1,2,3,5,1,1,1,3
45,8,11,5,3,1,2,2,7,1
36,6,3,2,4,3,1,1,5,1
25,3,9,5,7,3,7,2,3,3
11,3,3,9,1,7,1,1,2,1
11,5,11,8,12,2,1,1,1,10
16,11,7,8,1,5,1,2,1,1
49,22,5,13,1,1,6,4,2,2
75,43,10,1,8,9,1,1,1,2
57,15,1,2,8,1,1,1,2,1
1,10,3,15,4,1,1,6,1,2
10,20,8,2,2,3,9,1,1,5
49,10,1,8,1,2,2,2,1,3
12,24,8,8,1,4,2,1,1,1
2,8,6,9,22,3,1,1,1,1
27,10,4,1,1,1,1,1,2,1
2,41,16,3,7,1,1,1,5,5
10,9,1,3,5,3,2,2,1,1
26,5,3,1,1,3,2,3,5,1
10,2,4,2,1,1,1,1,1,3
1,3,12,5,9,5,1,4,1,3
50,12,4,9,2,4,1,7,1,2
7,45,1,5,1,1,3,1,2,2
10,1,7,5,1,5,2,1,1,1
7,9,2,8,1,3,1,6,2,1
38,10,2,3,2,2,2,1,2,1
6,2,20,3,5,1,1,1,1,5
56,8,6,4,2,1,1,9,15,2
23,14,1,11,2,2,1,1,1,1
10,22,25,3,4,1,2,6,1,13
1,2,3,5,5,1,1,3,1,2
9,8,2,1,7,4,1,8,3,4
3,5,5,1,8,5,6,3,6,3
21,10,7,2,8,1,1,5,1,1
1,9,7,3,3,2,2,7,2,1
11,2,2,12,3,3,6,2,1,3
1,4,5,6,3,1,4,1,2,4
18,1,1,3,2,3,1,7,2,1
23,12,10,1,3,7,2,1,3,1
5,12,3,11,5,2,5,3,3,3
25,10,11,9,3,1,5,1,1,8
7,6,7,7,1,3,4,2,2,1
7,3,14,2,6,8,2,2,1,4
18,18,12,13,5,1,5,4,3,3
1,14,5,3,2,3,1,1,1,2
1,34,5,2,4,1,1,3,1,6
28,9,1,1,4,2,3,1,2,3
19,56,7,1,2,3,1,1,4,1
13,1,3,5,1,1,5,1,1,1
94,1,1,6,4,2,4,1,1,2
27,17,8,1,7,2,9,3,3,1
13,12,22,4,7,3,4,1,1,1
3,4,5,3,6,9,3,6,3,1
22,1,20,11,1,1,1,5,2,2
9,9,6,4,2,4,2,2,1,1
13,16,7,6,6,1,1,3,1,2
19,8,4,3,3,5,4,2,5,1
29,12,10,8,2,4,1,1,3,2
56,9,2,4,2,1,1,2,3,1
8,4,1,2,2,4,6,2,2,1
1,12,9,7,4,1,1,2,1,3
4,14,1,2,1,1,1,6,1,1
10,1,2,2,1,13,4,1,1,1
33,14,2,9,4,11,9,1,1,1
4,1,6,3,2,2,4,3,4,4
34,13,2,2,2,4,2,1,1,1
9,10,7,1,2,1,2,1,1,2
52,8,15,6,4,3,1,1,1,1
32,5,4,6,1,3,4,2,1,2
14,3,2,1,2,9,2,1,2,7
13,4,3,2,6,3,1,1,1,2
12,4,7,1,13,2,2,3,1,1
14,1,1,2,1,7,3,1,2,1
20,9,16,15,7,1,2,2,2,3
13,4,6,4,11,3,4,2,3,1
35,8,3,4,8,2,2,6,1,1
1,9,8,1,5,1,7,4,1,1
2,22,6,35,1,1,1,2,1,1
12,10,7,1,1,6,1,2,2,1
24,1,4,3,2,2,2,2,4,4
7,17,7,5,3,1,1,1,1,2
11,5,7,5,8,2,1,4,1,2
89,3,28,4,6,2,1,1,2,1
6,4,4,7,5,3,2,3,1,1
39,3,9,6,3,5,1,1,3,1
36,9,4,2,4,1,2,5,1,2
40,2,15,6,3,6,1,1,1,2
76,6,13,2,2,1,2,2,3,1
16,1,13,8,7,2,1,1,7,1
9,11,3,2,13,1,3,2,2,1
58,1,1,5,1,7,5,2,4,1
10,18,8,2,4,2,3,1,3,1
8,17,6,7,7,3,1,1,2,2
23,4,1,24,7,1,3,3,1,1
20,10,3,3,11,1,1,1,1,6
1,2,2,5,3,1,6,4,7,3
7,11,5,6,3,6,3,1,1,2
18,2,9,1,6,1,5,3,4,7
18,21,15,2,14,3,1,2,2,2
11,10,7,4,3,1,1,2,2,1
5,35,3,5,3,7,3,1,1,1
43,2,4,1,2,8,1,3,1,11
30,3,3,2,1,1,1,1,2,1
28,12,3,6,1,1,2,2,1,1
28,1,5,13,6,3,1,1,2,1
14,3,9,1,6,5,5,1,1,1
12,1,4,10,8,1,1,1,4,3
2,1,13,4,2,3,3,1,1,1
19,10,3,1,14,4,1,4,4,2
2,9,3,7,5,1,1,5,5,6
15,16,4,1,7,8,5,9,2,1
103,4,16,5,4,2,4,1,5,2
5,6,1,4,2,2,7,3,2,2
33,17,7,12,3,1,1,7,1,1
14,5,8,7,1,5,3,1,1,1
1,7,2,3,7,5,3,1,2,1
63,7,8,2,7,3,4,3,4,1
24,10,13,3,1,1,6,1,3,1
14,6,7,7,2,1,6,1,3,3
10,8,4,1,8,7,7,3,2,4
28,3,5,6,2,5,3,1,3,1
9,3,2,13,8,1,8,2,3,7
4,4,4,2,12,2,2,1,5,4
35,6,1,1,2,1,1,1,1,1
25,7,2,3,5,4,1,3,1,1
2,16,7,1,2,5,3,2,1,1
14,26,2,6,3,4,3,1,1,1
1,1,4,1,3,6,2,1,3,1
21,27,8,3,1,1,1,6,1,1
30,1,2,2,1,14,2,2,1,1
12,11,5,5,4,2,3,3,3,1
39,12,14,6,7,5,1,2,3,1
31,4,25,8,10,1,3,6,1,1
2,2,6,8,3,2,8,2,1,3
13,10,5,9,3,1,2,1,2,1
3,4,1,2,6,2,4,1,2,1
7,29,4,6,15,2,1,2,2,2
17,1,17,5,9,1,1,1,1,1
11,5,1,2,6,1,3,2,1,1
16,25,2,3,8,1,2,1,4,1
8,14,1,2,1,1,4,2,1,4
5,4,6,5,6,3,2,1,3,1
18,16,6,1,4,4,2,1,1,1
25,6,1,1,2,4,1,2,1,4
30,2,2,1,2,1,1,2,4,1
1,12,6,1,11,4,6,4,1,1
1,2,8,7,9,3,1,1,1,1
1,9,2,3,4,5,1,1,2,2
5,8,9,7,11,1,2,5,5,1
1,2,9,6,11,2,2,3,3,3
16,6,10,6,4,6,3,1,2,3
3,23,3,5,2,6,3,12,1,2
28,16,9,3,7,1,1,2,4,2
9,2,9,1,1,1,2,6,1,1
6,9,5,1,8,7,3,1,2,1
11,4,4,8,2,1,1,2,6,4
7,2,1,4,4,5,3,4,2,1
1,1,9,6,1,1,6,1,1,3
5,16,3,5,1,1,5,1,1,3
2,6,9,8,2,2,1,3,2,5
8,12,3,15,11,3,1,1,3,2
18,12,5,2,5,5,7,1,5,3
17,8,7,9,4,1,1,5,2,2
14,4,3,1,6,10,2,2,3,1
6,11,2,17,1,3,3,2,2,1
2,9,32,3,7,5,1,1,4,1
25,3,7,5,5,3,4,2,4,1
17,7,3,1,4,1,2,2,3,2
17,5,4,1,4,6,1,1,5,2
17,2,15,1,1,3,6,1,3,4
2,4,4,1,7,1,5,2,1,2
11,15,9,4,1,1,4,3,7,1
73,15,6,1,2,2,1,1,1,1
24,2,3,1,1,5,1,1,1,1
11,4,12,5,10,2,6,2,5,1
8,66,17,1,2,1,3,1,1,3
5,39,25,11,3,8,2,2,2,2
42,34,7,4,4,1,4,2,2,1
20,8,6,3,1,4,1,3,1,2
9,2,5,2,8,2,2,4,1,5
51,9,3,3,6,1,1,2,4,2
62,6,26,1,3,2,2,4,2,2
16,6,9,15,2,8,1,2,1,1
8,12,8,3,3,2,3,2,2,1
9,4,3,2,1,11,2,3,5,1
4,4,3,1,6,2,2,6,1,1
1,1,7,5,9,1,1,5,1,4
18,5,2,2,3,3,1,4,2,1
1,7,1,2,4,7,6,2,2,3
8,4,19,3,3,4,3,5,1,1
5,1,4,1,1,1,2,7,2,2
7,3,4,4,1,2,3,3,1,1
22,1,16,2,1,2,4,5,1,1
7,17,17,4,2,5,2,1,1,1
8,15,9,1,3,8,3,2,1,4
52,4,5,2,3,1,1,1,1,1
15,8,7,6,5,2,2,2,1,1
33,6,29,3,2,1,6,4,2,1
26,2,21,1,6,1,3,1,1,1
39,12,3,5,2,3,2,2,3,2
7,7,10,4,6,2,4,2,1,1
24,19,3,4,1,1,1,1,2,1
24,23,3,9,10,7,4,5,1,1
35,5,10,2,2,3,1,6,7,1
31,8,3,1,7,1,4,2,2,3
56,1,1,3,4,2,8,1,1,1
54,2,4,5,9,1,3,1,1,1
24,13,22,1,5,1,4,4,1,2
6,7,21,3,3,1,3,3,4,1
18,20,7,2,2,5,2,1,2,2
3,10,21,3,5,1,10,2,2,9
2,11,13,7,4,5,4,1,2,2
6,16,4,5,8,4,1,2,1,3
121,4,7,2,4,3,1,2,1,3
39,1,6,18,6,6,1,3,5,5
48,10,1,3,1,2,3,1,5,1
5,6,1,11,2,5,2,1,2,1
15,5,5,1,15,2,2,1,3,2
16,3,2,8,6,2,1,2,4,4
22,6,4,2,8,1,8,2,5,1
4,7,14,7,2,3,1,4,1,1
56,3,4,1,15,3,1,2,2,1
3,10,8,3,3,3,2,3,1,3
55,5,10,3,1,3,1,3,2,2
53,3,18,2,13,2,4,1,2,5
1,7,8,4,1,2,1,1,2,3
8,3,13,1,1,2,3,3,1,3
37,10,2,7,6,3,3,4,5,1
29,11,2,3,3,2,3,2,1,1
10,17,1,2,5,3,1,2,8,1
45,7,19,1,2,5,2,1,3,4
80,6,3,6,2,1,1,3,2,6
2,1,11,2,1,3,3,8,1,2
13,1,2,1,11,3,6,2,2,3
18,6,1,10,6,5,3,1,1,6
4,10,15,11,1,4,1,4,3,1
57,2,7,1,8,1,4,3,3,1
35,7,5,4,6,11,3,5,1,1
12,23,23,3,2,1,1,5,1,1
11,24,5,3,1,2,2,1,4,3
11,1,4,6,1,3,1,9,4,1
2,4,10,1,6,4,2,2,1,2
5,2,4,6,1,3,5,2,1,2
11,2,6,1,7,4,4,2,2,2
4,19,8,1,1,1,4,5,3,3
7,2,13,3,4,6,4,1,3,1
6,3,3,5,3,4,2,1,2,1
41,20,7,1,4,1,1,1,3,2
11,6,1,1,3,9,2,2,1,1
36,7,2,2,2,1,5,3,1,4
25,8,11,3,5,2,2,2,3,2
3,14,5,5,3,7,1,2,1,1
32,13,4,3,3,4,1,2,5,1
2,2,1,1,7,2,5,2,1,2
83,3,8,12,1,3,1,2,2,1
4,6,1,8,2,2,1,2,3,1
30,1,2,3,5,1,1,2,1,2
24,8,1,11,5,5,7,2,1,1
85,4,6,6,4,3,6,4,1,2
42,2,1,3,2,1,1,8,1,2
8,14,30,1,2,2,2,1,2,2
1,1,9,1,6,1,2,2,1,1
7,3,1,1,5,1,3,2,3,1
3,10,10,5,4,3,1,1,1,1
23,1,3,4,2,1,3,2,1,2
2,8,3,6,11,1,3,3,1,1
4,7,2,4,2,2,5,1,3,1
37,54,8,9,1,2,6,2,2,2
5,11,3,4,2,1,2,3,1,1
43,4,3,26,4,4,4,1,1,1
1,3,13,6,2,3,1,2,1,1
31,7,2,7,2,1,4,1,1,1
5,13,9,5,5,6,3,4,1,3
10,5,18,6,3,2,1,1,3,3
8,6,3,3,3,1,7,2,4,2
39,1,19,12,2,6,2,1,1,1
35,2,1,2,6,2,7,1,3,2
45,5,4,4,7,4,1,2,1,1
13,10,5,6,1,1,7,2,4,3
5,11,4,9,3,4,4,4,2,1
2,16,8,2,5,1,2,2,1,2
1,26,8,2,1,2,1,2,1,1
6,12,1,18,1,2,6,2,6,1
38,14,1,3,4,1,3,2,1,2
2,2,2,4,8,3,1,3,1,1
28,14,3,18,3,1,6,1,1,5
6,34,4,6,4,3,3,2,1,1
8,4,11,2,2,11,4,3,1,1
29,22,1,5,1,3,5,5,1,2
27,9,12,1,6,3,5,1,6,4
3,14,6,2,3,5,1,3,1,1
4,20,1,5,5,3,6,3,3,3
17,2,3,5,2,1,1,2,2,2
14,2,8,7,1,4,4,1,4,2
16,5,15,13,6,9,5,2,5,1
41,19,15,1,6,3,4,5,3,2
4,11,8,11,2,3,5,2,2,4
4,15,16,3,2,2,2,3,2,1
17,2,1,5,3,3,2,2,3,3
8,3,1,4,2,1,1,8,3,4
48,6,2,1,5,1,1,1,1,1
2,2,9,7,1,10,6,1,2,2
28,9,8,5,1,10,1,3,3,3
25,18,3,13,2,6,5,1,6,2
1,4,3,4,1,4,4,1,5,5
25,26,4,8,1,13,4,1,1,1
8,3,2,3,1,2,1,1,1,1
33,4,17,5,1,7,1,4,1,1
73,13,2,6,8,4,1,3,1,1
13,25,1,6,5,2,2,1,1,1
7,14,9,7,2,4,1,2,1,3
61,5,14,7,5,1,4,1,6,3
4,14,3,4,3,1,6,5,4,2
1,11,6,8,2,3,1,2,3,1
5,3,1,2,1,6,2,1,1,1
17,13,8,2,10,2,6,2,1,1
78,28,4,10,12,2,1,2,2,4
27,12,7,3,5,1,1,1,4,1
7,1,18,10,11,1,1,1,3,2
29,12,3,4,2,1,2,2,3,1
37,10,33,1,2,1,1,3,3,1
35,3,7,2,7,1,4,2,1,1
6,41,25,7,5,7,2,2,3,1
19,18,2,6,11,2,7,1,2,1
50,1,3,1,1,7,2,2,2,2
2,1,2,9,1,2,2,1,2,1
18,5,1,4,2,7,4,6,6,4
4,19,6,1,13,1,5,1,2,4
17,2,9,3,2,7,1,4,2,1
18,2,2,5,1,2,6,1,1,2
18,4,6,3,2,2,4,2,3,1
87,6,3,8,1,1,5,4,1,3
20,2,2,2,2,6,1,1,1,3
9,1,18,3,1,1,3,1,1,2
9,1,2,2,3,2,4,1,3,1
16,12,4,1,1,1,2,2,1,1
9,15,1,9,2,1,3,1,6,1
40,5,1,1,6,9,2,1,1,1
2,8,10,10,4,5,1,6,5,4
22,4,18,2,4,7,9,3,4,1
16,5,5,5,3,1,1,1,1,2
11,19,3,3,4,1,2,2,2,1
21,1,8,1,4,3,2,2,3,4
15,14,2,1,2,1,1,3,3,2
20,6,1,3,6,1,5,2,1,2
17,25,2,4,2,2,2,1,3,1
16,6,15,2,11,4,2,1,1,2
15,9,4,2,6,3,4,2,2,2
28,9,6,5,1,1,3,4,1,2
25,16,3,19,2,5,1,1,4,2
23,14,2,7,1,1,3,3,2,5
11,4,11,2,1,4,3,2,1,1
11,2,1,6,1,4,2,1,1,1
18,9,4,15,2,1,4,3,4,4
13,17,3,6,2,1,3,4,3,4
36,2,2,6,1,6,6,2,4,1
16,9,14,4,2,1,4,1,1,1
14,9,1,2,2,1,7,2,4,4
42,13,4,5,1,2,4,1,4,1
13,14,4,1,1,1,1,1,2,1
19,21,1,3,11,2,6,1,1,2
1,2,5,9,1,6,9,3,1,2
16,1,27,19,20,1,2,2,2,1
45,1,6,2,14,2,1,1,1,4
18,3,4,4,4,2,3,5,1,1
1,2,2,3,1,7,1,1,7,2
23,10,4,7,1,4,2,1,4,1
6,1,2,1,9,4,1,1,1,1
12,3,6,5,8,3,10,4,1,4
49,1,1,6,1,2,5,1,3,6
38,5,1,4,1,8,2,5,1,1
10,1,1,2,10,1,1,4,4,4
31,18,7,1,6,7,2,4,4,1
3,22,9,5,1,2,4,1,2,1
60,1,12,4,5,7,1,2,3,1
12,23,16,3,1,3,1,2,1,1
4,4,4,7,1,2,2,4,1,1
25,1,18,3,6,7,1,2,5,1
15,3,6,1,1,9,1,1,1,2
65,8,8,8,11,2,2,4,5,1
8,5,6,1,4,1,2,1,1,1
23,23,1,3,1,1,1,2,1,1
2,2,2,12,1,3,4,1,1,1
73,2,1,5,1,3,2,1,2,1
43,2,7,11,1,4,5,3,5,3
19,1,4,3,1,1,4,1,2,1
31,8,4,2,1,1,2,1,1,1
9,3,1,5,10,3,1,1,4,1
43,19,7,3,1,5,3,1,2,1
24,6,2,7,1,11,1,1,1,1
35,2,14,4,4,1,4,2,5,2
22,14,1,2,1,3,1,1,2,2
15,7,1,11,8,1,5,2,1,1
15,18,5,2,4,3,1,1,2,1
28,1,16,1,3,3,3,1,2,1
2,23,1,3,1,7,3,1,1,2
10,4,5,5,2,7,1,1,2,2
24,5,6,18,2,1,1,2,1,1
6,2,1,16,4,1,1,13,2,2
123,5,3,2,3,1,4,1,3,5
8,9,5,1,4,1,1,1,2,1
26,1,2,4,4,2,2,1,3,1
13,1,1,3,1,1,3,2,1,1
20,17,4,3,5,3,2,5,6,1
23,14,1,4,5,2,5,1,1,3
19,7,13,4,7,1,1,1,5,2
40,1,8,4,1,2,3,2,1,3
22,6,3,4,2,2,1,2,5,1
8,7,1,11,3,7,2,4,1,1
1,10,1,16,10,3,1,2,6,1
14,9,5,1,1,5,3,2,5,2
8,15,4,4,2,1,6,1,3,3
6,5,2,13,1,6,4,6,2,2
59,17,18,1,2,3,1,1,1,1
3,22,4,8,3,2,2,1,2,2
22,1,11,3,6,6,1,3,2,1
41,3,5,2,1,1,2,1,1,1
34,4,23,21,1,5,1,5,1,4
1,11,4,2,1,12,4,9,3,2
26,12,8,4,7,1,2,2,1,1
40,3,2,17,2,1,1,1,3,4
2,5,7,1,3,9,2,2,2,3
38,23,2,1,4,2,9,2,1,1
47,3,8,1,8,5,1,2,1,1
5,12,5,22,2,6,4,2,3,2
21,1,4,2,3,1,1,1,1,1
8,1,1,1,1,5,1,1,1,4
5,11,4,3,8,2,1,7,1,1
16,7,4,25,3,1,7,3,2,1
2,8,6,2,3,2,2,5,3,1
22,7,5,3,2,3,1,2,2,4
4,27,2,4,2,4,1,1,1,1
47,21,4,11,1,2,2,1,2,1
7,7,8,9,19,4,2,1,1,3
1,10,12,5,3,2,4,2,3,1
20,44,3,4,1,1,1,1,2,2
26,2,2,2,1,2,2,1,1,1
